match_id,home_team,away_team,home_goals,away_goals,result,home_player1,home_player2,home_player3,home_player4,home_player5,home_player6,home_player7,home_player8,home_player9,home_player10,home_player11,home_player12,home_player13,home_player14,away_player1,away_player2,away_player3,away_player4,away_player5,away_player6,away_player7,away_player8,away_player9,away_player10,away_player11,away_player12,away_player13,away_player14
38313,Manchester United,Leicester City,2,1,1, David de Gea , Luke Shaw , Matteo Darmian , Victor Lindelof , Eric Bailly , Fred , Andreas Pereira , Paul Pogba , Juan Mata , Alexis Sanchez , Marcus Rashford , Marouane Fellaini , Scott McTominay , Romelu Lukaku , Kasper Schmeichel , Daniel Amartey , Ben Chilwell , Harry Maguire , Wes Morgan , Demarai Gray , Ricardo Pereira , James Maddison , Adrien Silva , Wilfred Ndidi , Kelechi Iheanacho , Rachid Ghezzal , Vicente Iborra , Jamie Vardy 
38314,Newcastle United,Tottenham Hotspur,1,2,-1, Martin Dubravka , Ciaran Clark , Jamaal Lascelles , Paul Dummett , DeAndre Yedlin  , Jonjo Shelvey , Matt Ritchie , Kenedy , Mohamed Diame , Joselu , Ayoze Perez , Christian Atsu , Yoshinori Muto , Salomon Rondon , Hugo Lloris , Jan Vertonghen , Serge Aurier , Davinson Sanchez , Ben Davies , Eric Dier , Christian Eriksen , Moussa Sissoko , Dele Alli , Lucas Moura , Harry Kane , Mousa Dembele , Luke Amos , Son Heung-Min 
38315,Southampton,Burnley,0,0,0, Alex McCarthy , Jannik Vestergaard , Wesley Hoedt , Jack Stephens , Ryan Bertrand , Oriol Romeu , Cedric Soares , Mario Lemina , Stuart Armstrong , Charlie Austin , Nathan Redmond , Mohamed Elyounoussi , Manolo Gabbiadini , Danny Ings , Joe Hart , Ben Mee , Matthew Lowton , James Tarkowski , Stephen Ward , Aaron Lennon , Ashley Westwood , Johann Gudmundsson , Jack Cork , Jeff Hendrick , Chris Wood , Charlie Taylor , Sam Vokes , Ashley Barnes 
38316,Watford,Brighton and Hove Albion,2,0,1, Ben Foster , Christian Kabasele , Daryl Janmaat , Craig Cathcart , Jose Holebas , Will Hughes , Abdoulaye Doucoure , Etienne Capoue , Roberto Pereyra , Troy Deeney , Andre Gray , Kiko Femenia , Ken Sema , Isaac Success , Mat Ryan , Bruno , Shane Duffy , Lewis Dunk , Bernardo , Anthony Knockaert , Dale Stephens , Solly March , Davy Propper , Glenn Murray , Pascal Gross , Gaetan Bong , Yves Bissouma , Alireza Jahanbakhsh 
38317,Wolverhampton WanderersWOL,Everton,2,2,0, Rui Patricio , Ryan Bennett , Willy Boly , Conor Coady , Ruben Neves , Joao Moutinho , Matt Doherty , Jonny , Diogo Jota , Helder Costa , Raul Jimenez , Ruben Vinagre , Morgan Gibbs-White , Leo Bonatini , Jordan Pickford , Seamus Coleman , Leighton Baines , Michael Keane , Phil Jagielka , Theo Walcott , Idrissa Gueye , Richarlison , Morgan Schneiderlin , Gylfi Sigurdsson , Cenk Tosun , Mason Holgate , Lucas Digne , Oumar Niasse 
38318,Brighton and Hove Albion,Manchester United,3,2,1, Mat Ryan , Lewis Dunk , Shane Duffy , Martin Montoya , Gaetan Bong , Davy Propper , Dale Stephens , Solly March , Anthony Knockaert , Pascal Gross , Glenn Murray  , Leon Balogun , Beram Kayal , Jurgen Locadia  , David de Gea , Eric Bailly , Ashley Young , Luke Shaw , Victor Lindelof , Paul Pogba , Fred , Andreas Pereira , Anthony Martial , Romelu Lukaku , Juan Mata , Jesse Lingard , Marouane Fellaini , Marcus Rashford 
38319,Burnley,Watford,1,3,-1, Joe Hart , Matthew Lowton , Ben Mee , James Tarkowski , Stephen Ward , Aaron Lennon , Jack Cork , Johann Gudmundsson , Ashley Westwood , Chris Wood , Jeff Hendrick , Charlie Taylor , Sam Vokes , Ashley Barnes , Ben Foster , Christian Kabasele , Daryl Janmaat , Craig Cathcart , Jose Holebas , Roberto Pereyra , Abdoulaye Doucoure , Will Hughes , Etienne Capoue , Andre Gray , Troy Deeney , Kiko Femenia , Ken Sema , Isaac Success 
38320,Cardiff CityCAR,Newcastle United,0,0,0, Neil Etheridge , Sean Morrison , Bruno Ecuele Manga , Joe Bennett , Sol Bamba , Joe Ralls , Victor Camarasa , Harry Arter , Kenneth Zohore , David Junior Hoilett , Josh Murphy , Callum Paterson , Bobby De Cordova-Reid , Nathaniel Mendez-Laing , Martin Dubravka , Paul Dummett , Ciaran Clark , Javier Manquillo , Jamaal Lascelles , Jonjo Shelvey , Kenedy , Mohamed Diame , Matt Ritchie , Joselu , Ayoze Perez , Isaac Hayden , Jacob Murphy , Yoshinori Muto 
38321,Chelsea,Arsenal,3,2,1, Kepa Arrizabalaga , Marcos Alonso , Cesar Azpilicueta , Antonio Rudiger , David Luiz , NGolo Kante , Ross Barkley , Jorginho , Willian , Alvaro Morata , Pedro , Mateo Kovacic , Eden Hazard , Olivier Giroud , Petr Cech , Nacho Monreal , Sokratis , Shkodran Mustafi , Hector Bellerin , Matteo Guendouzi , Mesut Ozil , Henrikh Mkhitaryan , Granit Xhaka , Alex Iwobi , Pierre-Emerick Aubameyang , Aaron Ramsey , Lucas Torreira , Alexandre Lacazette 
38322,Crystal Palace,Liverpool,0,2,-1, Wayne Hennessey , Aaron Wan-Bissaka , Mamadou Sakho , Patrick van Aanholt , James Tomkins , Luka Milivojevic , Andros Townsend , James McArthur , Jeffrey Schlupp , Christian Benteke , Wilfried Zaha , Joel Ward , Max Meyer , Alexander Sorloth , Alisson , Virgil van Dijk , Trent Alexander-Arnold , Joseph Gomez , Andrew Robertson , Naby Keita , James Milner , Georginio Wijnaldum , Roberto Firmino  , Sadio Mane , Mohamed Salah , Jordan Henderson , Adam Lallana , Daniel Sturridge  
38323,Everton,Southampton,2,1,1, Jordan Pickford , Seamus Coleman , Michael Keane , Mason Holgate , Leighton Baines , Richarlison , Morgan Schneiderlin , Theo Walcott , Idrissa Gueye , Gylfi Sigurdsson , Cenk Tosun , Tom Davies , Dominic Calvert-Lewin , Oumar Niasse , Alex McCarthy , Ryan Bertrand , Wesley Hoedt , Jack Stephens , Cedric Soares , Mario Lemina , Nathan Redmond , Oriol Romeu , James Ward-Prowse , Danny Ings , Charlie Austin , Stuart Armstrong , Manolo Gabbiadini , Shane Long 
38324,Leicester City,Wolverhampton WanderersWOL,2,0,1, Kasper Schmeichel , Ricardo Pereira , Ben Chilwell , Jonny Evans , Harry Maguire , Wilfred Ndidi , Nampalys Mendy , Marc Albrighton , James Maddison , Demarai Gray , Jamie Vardy , Daniel Amartey , Adrien Silva , Kelechi Iheanacho , Rui Patricio , Conor Coady , Ryan Bennett , Willy Boly , Ruben Neves , Joao Moutinho , Matt Doherty , Jonny , Diogo Jota , Raul Jimenez , Helder Costa , Morgan Gibbs-White , Adama Traore , Leo Bonatini 
38325,Manchester City,Huddersfield Town,6,1,1, Ederson , Vincent Kompany , John Stones , Aymeric Laporte , David Silva , Ilkay Gundogan , Bernardo Silva , Benjamin Mendy , Fernandinho , Gabriel Jesus , Sergio Aguero , Phil Foden , Riyad Mahrez , Leroy Sane , Ben Hamer , Tommy Smith , Terence Kongolo , Chris Lowe , Christopher Schindler , Florent Hadergjonaj , Jon Gorenc Stankovic , Alex Pritchard , Philip Billing , Steve Mounie , Abdelhamid Sabiri , Ramadan Sobhi , Laurent Depoitre , Adama Diakhaby 
38326,Tottenham Hotspur,FulhamFUL,3,1,1, Hugo Lloris , Davinson Sanchez , Jan Vertonghen , Toby Alderweireld , Eric Dier , Ben Davies , Christian Eriksen , Kieran Trippier , Dele Alli , Harry Kane , Lucas Moura , Erik Lamela , Mousa Dembele , Harry Winks , Fabri , Joe Bryan , Timothy Fosu-Mensah , Calum Chambers , Maxime Le Marchand , Jean Michael Seri , Andre-Frank Zambo Anguissa , Tom Cairney , Ryan Sessegnon , Aboubakar Kamara , Aleksandar Mitrovic , Cyrus Christie , Stefan Johansen , Andre Schurrle 
38327,West Ham United,AFC Bournemouth,1,2,-1, Lukasz Fabianski , Angelo Ogbonna , Fabian Balbuena , Pablo Zabaleta , Arthur Masuaku , Robert Snodgrass , Mark Noble , Felipe Anderson , Jack Wilshere , Marko Arnautovic , Chicharito , Carlos Sanchez , Andriy Yarmolenko , Lucas Perez , Asmir Begovic , Steve Cook , Nathan Ake , Charlie Daniels , Adam Smith , Dan Gosling , Ryan Fraser , David Brooks , Andrew Surman , Joshua King , Callum Wilson , Simon Francis , Lewis Cook ,
38328,Arsenal,West Ham United,3,1,1, Petr Cech , Hector Bellerin , Shkodran Mustafi , Sokratis , Nacho Monreal , Granit Xhaka , Henrikh Mkhitaryan , Alex Iwobi , Aaron Ramsey , Matteo Guendouzi , Pierre-Emerick Aubameyang , Lucas Torreira , Danny Welbeck , Alexandre Lacazette , Lukasz Fabianski , Issa Diop , Ryan Fredericks , Arthur Masuaku , Fabian Balbuena , Robert Snodgrass , Jack Wilshere , Carlos Sanchez , Michail Antonio , Marko Arnautovic , Felipe Anderson , Chicharito , Lucas Perez , Andriy Yarmolenko 
38329,AFC Bournemouth,Everton,2,2,0, Asmir Begovic , Adam Smith , Charlie Daniels , Steve Cook , Nathan Ake , Dan Gosling , Andrew Surman , Ryan Fraser , David Brooks , Joshua King  , Callum Wilson , Jordon Ibe , Lewis Cook , Lys Mousset  , Jordan Pickford , Leighton Baines , Michael Keane  , Mason Holgate , Seamus Coleman , Theo Walcott , Richarlison , Idrissa Gueye , Tom Davies , Gylfi Sigurdsson , Cenk Tosun , Kurt Zouma  , Bernard , Dominic Calvert-Lewin 
38330,FulhamFUL,Burnley,4,2,1, Marcus Bettinelli , Timothy Fosu-Mensah , Denis Odoi , Maxime Le Marchand , Joe Bryan , Tom Cairney , Kevin McDonald , Jean Michael Seri , Luciano Vietto , Aleksandar Mitrovic , Andre Schurrle , Calum Chambers , Ryan Sessegnon , Andre-Frank Zambo Anguissa , Joe Hart , Stephen Ward , Ben Mee , Matthew Lowton , James Tarkowski , Aaron Lennon , Jack Cork , Johann Gudmundsson , Ashley Westwood , Chris Wood , Jeff Hendrick , Charlie Taylor , Sam Vokes , Ashley Barnes 
38331,Huddersfield Town,Cardiff CityCAR,0,0,0, Ben Hamer , Florent Hadergjonaj , Christopher Schindler , Terence Kongolo , Zanka , Aaron Mooy , Adama Diakhaby , Rajiv van La Parra , Jonathan Hogg , Philip Billing , Steve Mounie , Jonas Lossl , Isaac Mbenza , Laurent Depoitre , Neil Etheridge , Bruno Ecuele Manga , Sol Bamba , Joe Bennett , Sean Morrison , Josh Murphy , Joe Ralls , Harry Arter , Victor Camarasa , Nathaniel Mendez-Laing , Kenneth Zohore , Callum Paterson , Bobby De Cordova-Reid , Danny Ward 
38332,Liverpool,Brighton and Hove Albion,1,0,1, Alisson , Joseph Gomez , Trent Alexander-Arnold , Andrew Robertson , Virgil van Dijk , James Milner , Naby Keita , Georginio Wijnaldum , Sadio Mane , Mohamed Salah , Roberto Firmino , Joel Matip , Jordan Henderson , Daniel Sturridge , Mat Ryan , Shane Duffy , Martin Montoya , Leon Balogun , Gaetan Bong , Davy Propper , Anthony Knockaert , Dale Stephens , Solly March , Yves Bissouma , Glenn Murray , Pascal Gross , Alireza Jahanbakhsh , Jurgen Locadia 
38333,Manchester United,Tottenham Hotspur,0,3,-1, David de Gea , Ander Herrera , Chris Smalling , Phil Jones , Antonio Valencia , Nemanja Matic , Luke Shaw , Fred , Paul Pogba , Jesse Lingard , Romelu Lukaku , Victor Lindelof , Marouane Fellaini , Alexis Sanchez , Hugo Lloris , Toby Alderweireld , Danny Rose , Kieran Trippier , Jan Vertonghen , Mousa Dembele , Dele Alli , Eric Dier , Christian Eriksen , Harry Kane , Lucas Moura , Ben Davies , Serge Aurier , Harry Winks 
38334,Newcastle United,Chelsea,1,2,-1, Martin Dubravka , DeAndre Yedlin , Paul Dummett , Fabian Schar , Ciaran Clark , Federico Fernandez , Mohamed Diame , Matt Ritchie , Ki Sung-yueng , Jacob Murphy , Salomon Rondon , Yoshinori Muto , Ayoze Perez , Joselu , Kepa Arrizabalaga , Cesar Azpilicueta , Antonio Rudiger , Marcos Alonso , David Luiz , Jorginho , NGolo Kante , Mateo Kovacic , Alvaro Morata , Eden Hazard , Pedro , Ross Barkley , Willian , Olivier Giroud 
38335,Southampton,Leicester City,1,2,-1, Alex McCarthy , Wesley Hoedt , Ryan Bertrand , Jannik Vestergaard , Cedric Soares , Mohamed Elyounoussi , Nathan Redmond , Mario Lemina , Pierre-Emile Hojbjerg , Shane Long , Danny Ings , Stuart Armstrong , Oriol Romeu , Charlie Austin , Kasper Schmeichel , Harry Maguire , Wes Morgan , Ben Chilwell , Daniel Amartey , Wilfred Ndidi , Nampalys Mendy , James Maddison , Ricardo Pereira , Demarai Gray , Kelechi Iheanacho , Rachid Ghezzal , Marc Albrighton , Shinji Okazaki 
38336,Watford,Crystal Palace,2,1,1, Ben Foster , Craig Cathcart , Daryl Janmaat , Jose Holebas , Christian Kabasele , Abdoulaye Doucoure , Etienne Capoue , Roberto Pereyra , Will Hughes , Andre Gray , Troy Deeney  , Ken Sema , Isaac Success  ,, Wayne Hennessey , Patrick van Aanholt , Martin Kelly , Joel Ward , Mamadou Sakho , Andros Townsend , Jeffrey Schlupp , Luka Milivojevic , James McArthur , Christian Benteke , Wilfried Zaha , Max Meyer , Alexander Sorloth ,
38337,Wolverhampton WanderersWOL,Manchester City,1,1,0, Rui Patricio , Conor Coady , Ryan Bennett , Willy Boly , Joao Moutinho , Matt Doherty , Ruben Neves , Jonny , Helder Costa , Diogo Jota , Raul Jimenez , Ruben Vinagre , Adama Traore ,, Ederson , Kyle Walker , Benjamin Mendy , Vincent Kompany , Aymeric Laporte , David Silva , Ilkay Gundogan , Fernandinho , Sergio Aguero , Raheem Sterling , Bernardo Silva , Riyad Mahrez , Gabriel Jesus , Leroy Sane 
38338,Brighton and Hove Albion,FulhamFUL,2,2,0, Mat Ryan , Martin Montoya , Gaetan Bong , Lewis Dunk , Shane Duffy , Solly March , Davy Propper , Dale Stephens , Anthony Knockaert , Glenn Murray , Pascal Gross , Yves Bissouma , Alireza Jahanbakhsh , Jurgen Locadia , Marcus Bettinelli , Alfie Mawson , Maxime Le Marchand , Timothy Fosu-Mensah , Denis Odoi , Jean Michael Seri , Andre-Frank Zambo Anguissa , Kevin McDonald , Aleksandar Mitrovic , Andre Schurrle , Luciano Vietto , Calum Chambers , Ryan Sessegnon , Stefan Johansen 
38339,Burnley,Manchester United,0,2,-1, Joe Hart , Phil Bardsley , Ben Mee , Charlie Taylor , James Tarkowski , Dwight McNeil , Aaron Lennon , Ashley Westwood , Jack Cork , Jeff Hendrick , Chris Wood , Sam Vokes , Ashley Barnes , Matej Vydra , David de Gea , Luke Shaw , Victor Lindelof , Antonio Valencia , Chris Smalling , Marouane Fellaini , Nemanja Matic , Paul Pogba  , Alexis Sanchez , Jesse Lingard , Romelu Lukaku , Eric Bailly  , Ander Herrera , Marcus Rashford 
38340,Cardiff CityCAR,Arsenal,2,3,-1, Neil Etheridge , Bruno Ecuele Manga , Sean Morrison , Joe Bennett , Sol Bamba , Harry Arter , David Junior Hoilett , Joe Ralls , Victor Camarasa , Danny Ward , Bobby De Cordova-Reid , Kenneth Zohore , Gary Madine ,, Petr Cech , Shkodran Mustafi , Nacho Monreal , Hector Bellerin , Sokratis , Mesut Ozil , Aaron Ramsey , Granit Xhaka , Pierre-Emerick Aubameyang , Matteo Guendouzi , Alexandre Lacazette , Lucas Torreira , Henrikh Mkhitaryan , Danny Welbeck 
38341,Chelsea,AFC Bournemouth,2,0,1, Kepa Arrizabalaga , Marcos Alonso , Cesar Azpilicueta , David Luiz , Antonio Rudiger , NGolo Kante , Jorginho , Mateo Kovacic , Willian , Eden Hazard , Alvaro Morata , Ruben Loftus-Cheek , Olivier Giroud , Pedro , Asmir Begovic , Nathan Ake , Steve Cook , Simon Francis , Dan Gosling , Diego Rico , Jefferson Lerma , Adam Smith , Ryan Fraser , Joshua King , Callum Wilson , Jordon Ibe , Lewis Cook , Lys Mousset 
38342,Crystal Palace,Southampton,0,2,-1, Wayne Hennessey , Mamadou Sakho , Patrick van Aanholt , Aaron Wan-Bissaka , Martin Kelly , Andros Townsend , Jeffrey Schlupp , James McArthur , Luka Milivojevic , Jordan Ayew , Christian Benteke , Cheikhou Kouyate , Max Meyer , Alexander Sorloth , Alex McCarthy , Jannik Vestergaard , Ryan Bertrand , Cedric Soares , Wesley Hoedt , Mohamed Elyounoussi , Nathan Redmond , Mario Lemina , Pierre-Emile Hojbjerg , Shane Long , Danny Ings , Matt Targett , Oriol Romeu , Charlie Austin 
38343,Everton,Huddersfield Town,1,1,0, Jordan Pickford , Kurt Zouma , Seamus Coleman , Lucas Digne , Mason Holgate , Gylfi Sigurdsson , Theo Walcott , Dominic Calvert-Lewin , Tom Davies , Morgan Schneiderlin , Cenk Tosun , Leighton Baines , Oumar Niasse , Ademola Lookman , Jonas Lossl , Chris Lowe , Christopher Schindler , Florent Hadergjonaj , Zanka , Terence Kongolo , Rajiv van La Parra , Aaron Mooy , Adama Diakhaby , Philip Billing , Steve Mounie  , Erik Durm , Elias Kachunga , Laurent Depoitre  
38344,Leicester City,Liverpool,1,2,-1, Kasper Schmeichel , Ben Chilwell , Harry Maguire , Ricardo Pereira , Wes Morgan , Rachid Ghezzal , Nampalys Mendy , James Maddison , Wilfred Ndidi , Marc Albrighton , Demarai Gray , Daniel Amartey , Shinji Okazaki , Kelechi Iheanacho , Alisson , Joseph Gomez , Trent Alexander-Arnold , Andrew Robertson , Virgil van Dijk , James Milner , Jordan Henderson , Georginio Wijnaldum , Roberto Firmino , Sadio Mane , Mohamed Salah , Joel Matip , Naby Keita , Xherdan Shaqiri 
38345,Manchester City,Newcastle United,2,1,1, Ederson , Kyle Walker , John Stones , Benjamin Mendy , Aymeric Laporte , Raheem Sterling , Fernandinho , Riyad Mahrez , David Silva , Sergio Aguero , Gabriel Jesus , Vincent Kompany , Ilkay Gundogan , Bernardo Silva , Martin Dubravka , Ciaran Clark , DeAndre Yedlin , Jamaal Lascelles , Federico Fernandez , Paul Dummett , Mohamed Diame , Kenedy , Ayoze Perez , Ki Sung-yueng , Salomon Rondon , Jacob Murphy , Christian Atsu , Joselu 
38346,Watford,Tottenham Hotspur,2,1,1, Ben Foster , Daryl Janmaat , Christian Kabasele , Craig Cathcart , Jose Holebas , Roberto Pereyra , Will Hughes , Abdoulaye Doucoure , Etienne Capoue , Andre Gray , Troy Deeney , Adrian Mariappa , Nathaniel Chalobah , Isaac Success , Michel Vorm , Jan Vertonghen , Toby Alderweireld , Davinson Sanchez , Mousa Dembele , Ben Davies , Dele Alli , Kieran Trippier , Christian Eriksen , Harry Kane , Lucas Moura , Danny Rose , Harry Winks , Fernando Llorente 
38347,West Ham United,Wolverhampton WanderersWOL,0,1,-1, Lukasz Fabianski , Fabian Balbuena , Issa Diop , Aaron Cresswell , Ryan Fredericks , Robert Snodgrass , Michail Antonio , Jack Wilshere , Carlos Sanchez , Felipe Anderson , Marko Arnautovic , Pedro Obiang , Chicharito , Andriy Yarmolenko , Rui Patricio , Conor Coady , Ryan Bennett , Willy Boly , Ruben Neves , Joao Moutinho , Matt Doherty , Jonny , Raul Jimenez , Helder Costa , Diogo Jota , Ruben Vinagre , Adama Traore , Leo Bonatini 
38348,AFC Bournemouth,Leicester City,4,2,1, Asmir Begovic , Adam Smith , Steve Cook , Nathan Ake , Diego Rico , Dan Gosling , Ryan Fraser , Jefferson Lerma , David Brooks , Callum Wilson , Joshua King , Simon Francis , Lewis Cook , Lys Mousset , Kasper Schmeichel , Ben Chilwell , Ricardo Pereira , Wes Morgan , Harry Maguire , Wilfred Ndidi , Rachid Ghezzal , James Maddison , Nampalys Mendy , Demarai Gray , Jamie Vardy , Jonny Evans , Marc Albrighton , Kelechi Iheanacho 
38349,Chelsea,Cardiff CityCAR,4,1,1, Kepa Arrizabalaga , Marcos Alonso , Cesar Azpilicueta , David Luiz , Antonio Rudiger , NGolo Kante , Mateo Kovacic , Jorginho , Olivier Giroud , Eden Hazard , Pedro , Davide Zappacosta , Ross Barkley , Willian , Neil Etheridge , Joe Bennett , Sol Bamba , Sean Morrison , Bruno Ecuele Manga , David Junior Hoilett , Harry Arter , Joe Ralls , Victor Camarasa , Danny Ward , Bobby De Cordova-Reid , Callum Paterson , Jazz Richards , Gary Madine 
38350,Everton,West Ham United,1,3,-1, Jordan Pickford , Kurt Zouma , Lucas Digne , Jonjoe Kenny , Mason Holgate , Gylfi Sigurdsson , Morgan Schneiderlin , Dominic Calvert-Lewin , Theo Walcott , Idrissa Gueye , Cenk Tosun , Bernard , Oumar Niasse , Ademola Lookman , Lukasz Fabianski , Issa Diop , Pablo Zabaleta , Arthur Masuaku , Fabian Balbuena , Andriy Yarmolenko , Declan Rice , Felipe Anderson , Pedro Obiang , Mark Noble , Marko Arnautovic , Carlos Sanchez , Robert Snodgrass , Michail Antonio 
38351,Huddersfield Town,Crystal Palace,0,1,-1, Jonas Lossl , Terence Kongolo , Christopher Schindler , Zanka , Florent Hadergjonaj , Aaron Mooy , Chris Lowe , Philip Billing , Elias Kachunga , Steve Mounie , Rajiv van La Parra , Isaac Mbenza , Laurent Depoitre , Adama Diakhaby , Wayne Hennessey , Mamadou Sakho , Aaron Wan-Bissaka , Patrick van Aanholt , James Tomkins , Cheikhou Kouyate , James McArthur , Luka Milivojevic , Wilfried Zaha , Jordan Ayew , Andros Townsend  , Jeffrey Schlupp  ,,
38352,Manchester City,FulhamFUL,3,0,1, Ederson , Fabian Delph , Nicolas Otamendi , Aymeric Laporte , Kyle Walker , David Silva , Bernardo Silva , Fernandinho , Leroy Sane , Raheem Sterling , Sergio Aguero , Ilkay Gundogan , Riyad Mahrez , Gabriel Jesus , Marcus Bettinelli , Ryan Sessegnon , Cyrus Christie , Alfie Mawson , Denis Odoi , Jean Michael Seri , Stefan Johansen , Kevin McDonald , Aleksandar Mitrovic , Andre Schurrle , Luciano Vietto , Andre-Frank Zambo Anguissa , Floyd Ayite ,
38353,Newcastle United,Arsenal,1,2,-1, Martin Dubravka , Federico Fernandez , Jamaal Lascelles , DeAndre Yedlin , Paul Dummett , Isaac Hayden , Matt Ritchie , Mohamed Diame , Jacob Murphy , Joselu , Ayoze Perez , Ciaran Clark , Kenedy , Yoshinori Muto , Petr Cech , Hector Bellerin , Shkodran Mustafi , Sokratis , Nacho Monreal , Matteo Guendouzi , Pierre-Emerick Aubameyang , Mesut Ozil , Granit Xhaka , Aaron Ramsey , Alexandre Lacazette , Henrikh Mkhitaryan , Lucas Torreira , Danny Welbeck 
38354,Southampton,Brighton and Hove Albion,2,2,0, Alex McCarthy , Cedric Soares , Ryan Bertrand , Jannik Vestergaard , Wesley Hoedt , Pierre-Emile Hojbjerg , Mohamed Elyounoussi , Nathan Redmond , Mario Lemina , Shane Long , Danny Ings , Steven Davis , James Ward-Prowse , Manolo Gabbiadini , Mat Ryan , Gaetan Bong , Martin Montoya , Lewis Dunk , Shane Duffy , Davy Propper , Anthony Knockaert , Dale Stephens , Yves Bissouma , Solly March , Glenn Murray , Jurgen Locadia , Alireza Jahanbakhsh ,
38355,Tottenham Hotspur,Liverpool,1,2,-1, Michel Vorm , Kieran Trippier , Toby Alderweireld , Jan Vertonghen , Danny Rose , Eric Dier , Mousa Dembele , Christian Eriksen , Harry Winks , Harry Kane , Lucas Moura , Erik Lamela , Victor Wanyama , Son Heung-Min , Alisson , Virgil van Dijk , Andrew Robertson , Trent Alexander-Arnold , Joseph Gomez , Georginio Wijnaldum , James Milner , Naby Keita , Mohamed Salah , Sadio Mane , Roberto Firmino , Joel Matip , Jordan Henderson , Daniel Sturridge 
38356,Watford,Manchester United,1,2,-1, Ben Foster , Christian Kabasele , Jose Holebas , Craig Cathcart , Daryl Janmaat , Roberto Pereyra , Will Hughes , Etienne Capoue , Abdoulaye Doucoure , Troy Deeney , Andre Gray , Kiko Femenia , Adam Masina , Isaac Success , David de Gea , Victor Lindelof , Chris Smalling , Antonio Valencia  , Ashley Young , Marouane Fellaini , Paul Pogba , Nemanja Matic , Alexis Sanchez , Romelu Lukaku , Jesse Lingard , Eric Bailly  , Scott McTominay , Anthony Martial 
38357,Wolverhampton WanderersWOL,Burnley,1,0,1, Rui Patricio , Conor Coady , Willy Boly , Ryan Bennett , Joao Moutinho , Matt Doherty , Ruben Neves , Jonny , Helder Costa , Raul Jimenez , Diogo Jota , Morgan Gibbs-White , Leo Bonatini , Adama Traore , Joe Hart , Ben Mee , Phil Bardsley , James Tarkowski , Charlie Taylor , Jeff Hendrick , Jack Cork , Aaron Lennon , Johann Gudmundsson , Sam Vokes , Ashley Barnes , Ashley Westwood , Chris Wood , Matej Vydra 
38358,Arsenal,Everton,2,0,1, Petr Cech , Shkodran Mustafi , Hector Bellerin , Sokratis , Nacho Monreal , Mesut Ozil , Pierre-Emerick Aubameyang , Lucas Torreira , Granit Xhaka , Aaron Ramsey , Alexandre Lacazette , Rob Holding , Alex Iwobi , Danny Welbeck , Jordan Pickford , Kurt Zouma , Lucas Digne , Michael Keane , Jonjoe Kenny , Tom Davies , Theo Walcott , Gylfi Sigurdsson , Richarlison , Idrissa Gueye , Dominic Calvert-Lewin , Bernard , Cenk Tosun ,
38359,Brighton and Hove Albion,Tottenham Hotspur,1,2,-1, Mat Ryan , Martin Montoya , Gaetan Bong , Shane Duffy , Lewis Dunk , Solly March , Yves Bissouma , Dale Stephens , Anthony Knockaert , Davy Propper , Glenn Murray , Beram Kayal , Alireza Jahanbakhsh , Jurgen Locadia , Paulo Gazzaniga , Kieran Trippier , Danny Rose , Toby Alderweireld , Jan Vertonghen , Christian Eriksen , Son Heung-Min , Lucas Moura , Mousa Dembele , Eric Dier , Harry Kane , Erik Lamela , Dele Alli ,
38360,Burnley,AFC Bournemouth,4,0,1, Joe Hart , Ben Mee , Matthew Lowton , James Tarkowski , Charlie Taylor , Ashley Westwood , Jack Cork , Johann Gudmundsson , Aaron Lennon , Matej Vydra , Sam Vokes , Ashley Barnes , Chris Wood ,, Asmir Begovic , Nathan Ake , Diego Rico , Adam Smith , Steve Cook , Ryan Fraser , Jefferson Lerma , David Brooks , Andrew Surman , Callum Wilson , Joshua King , Simon Francis , Junior Stanislas , Jermain Defoe 
38361,Cardiff CityCAR,Manchester City,0,5,-1, Neil Etheridge , Greg Cunningham , Lee Peltier , Sean Morrison , Bruno Ecuele Manga , Victor Camarasa , Harry Arter , Joe Ralls , David Junior Hoilett , Danny Ward , Bobby De Cordova-Reid , Jazz Richards , Josh Murphy , Kenneth Zohore , Ederson , Aymeric Laporte , Fabian Delph , Nicolas Otamendi , Kyle Walker , Bernardo Silva , Ilkay Gundogan , Fernandinho , Leroy Sane , Raheem Sterling , Sergio Aguero , John Stones , Phil Foden , Riyad Mahrez 
38362,Crystal Palace,Newcastle United,0,0,0, Wayne Hennessey , James Tomkins , Aaron Wan-Bissaka , Patrick van Aanholt , Mamadou Sakho , James McArthur , Luka Milivojevic , Cheikhou Kouyate , Andros Townsend , Wilfried Zaha , Jordan Ayew , Max Meyer , Alexander Sorloth ,, Martin Dubravka , Federico Fernandez , DeAndre Yedlin , Jamaal Lascelles , Paul Dummett , Jonjo Shelvey , Kenedy , Mohamed Diame , Matt Ritchie , Salomon Rondon , Ayoze Perez , Christian Atsu , Yoshinori Muto , Joselu 
38363,FulhamFUL,Watford,1,1,0, Marcus Bettinelli , Timothy Fosu-Mensah , Alfie Mawson , Calum Chambers , Ryan Sessegnon , Kevin McDonald , Jean Michael Seri , Stefan Johansen , Luciano Vietto , Andre Schurrle , Aleksandar Mitrovic , Denis Odoi , Andre-Frank Zambo Anguissa , Floyd Ayite , Ben Foster , Craig Cathcart , Christian Kabasele , Jose Holebas , Daryl Janmaat , Will Hughes , Etienne Capoue , Roberto Pereyra , Abdoulaye Doucoure , Andre Gray , Troy Deeney , Kiko Femenia , Ken Sema , Isaac Success 
38364,Leicester City,Huddersfield Town,3,1,1, Kasper Schmeichel , Jonny Evans , Harry Maguire , Ben Chilwell , Daniel Amartey , James Maddison , Rachid Ghezzal , Kelechi Iheanacho , Nampalys Mendy , Wilfred Ndidi , Jamie Vardy , Demarai Gray , Marc Albrighton , Shinji Okazaki , Jonas Lossl , Christopher Schindler , Chris Lowe , Erik Durm , Terence Kongolo , Zanka , Rajiv van La Parra , Elias Kachunga , Aaron Mooy , Philip Billing , Laurent Depoitre , Alex Pritchard , Adama Diakhaby ,
38365,Liverpool,Southampton,3,0,1, Alisson , Andrew Robertson , Virgil van Dijk , Joel Matip , Trent Alexander-Arnold , Jordan Henderson , Sadio Mane , Georginio Wijnaldum , Xherdan Shaqiri , Roberto Firmino , Mohamed Salah , Joseph Gomez , Naby Keita , James Milner , Alex McCarthy , Ryan Bertrand , Cedric Soares , Jannik Vestergaard , Wesley Hoedt , Nathan Redmond , Matt Targett , Mario Lemina , Oriol Romeu , Pierre-Emile Hojbjerg , Shane Long , Jan Bednarek , Stuart Armstrong , Charlie Austin 
38366,Manchester United,Wolverhampton WanderersWOL,1,1,0, David de Gea , Chris Smalling , Antonio Valencia , Victor Lindelof , Luke Shaw , Marouane Fellaini , Paul Pogba , Fred , Jesse Lingard , Alexis Sanchez , Romelu Lukaku , Juan Mata , Andreas Pereira , Anthony Martial , Rui Patricio , Willy Boly , Ryan Bennett , Conor Coady , Ruben Neves , Matt Doherty , Joao Moutinho , Jonny , Helder Costa , Raul Jimenez , Diogo Jota , Romain Saiss , Morgan Gibbs-White , Adama Traore 
38367,West Ham United,Chelsea,0,0,0, Lukasz Fabianski , Fabian Balbuena , Issa Diop , Arthur Masuaku , Pablo Zabaleta , Pedro Obiang , Declan Rice , Mark Noble , Michail Antonio , Andriy Yarmolenko , Felipe Anderson , Robert Snodgrass , Carlos Sanchez , Lucas Perez , Kepa Arrizabalaga , Antonio Rudiger , Marcos Alonso , Cesar Azpilicueta , David Luiz , Mateo Kovacic , NGolo Kante , Jorginho , Olivier Giroud , Willian , Eden Hazard , Gary Cahill , Ross Barkley , Alvaro Morata 
38368,Arsenal,Watford,2,0,1, Petr Cech  , Shkodran Mustafi , Rob Holding , Nacho Monreal , Hector Bellerin , Lucas Torreira , Pierre-Emerick Aubameyang , Aaron Ramsey , Granit Xhaka , Mesut Ozil , Alexandre Lacazette , Bernd Leno  , Alex Iwobi , Danny Welbeck , Ben Foster , Christian Kabasele , Craig Cathcart , Jose Holebas , Marc Navarro , Roberto Pereyra , Will Hughes , Etienne Capoue , Abdoulaye Doucoure , Andre Gray , Troy Deeney , Kiko Femenia , Isaac Success ,
38369,AFC Bournemouth,Crystal Palace,2,1,1, Asmir Begovic , Nathan Ake , Simon Francis , Steve Cook , Adam Smith , David Brooks , Ryan Fraser , Lewis Cook , Jefferson Lerma , Callum Wilson , Joshua King , Junior Stanislas , Dan Gosling ,, Wayne Hennessey , Patrick van Aanholt , Aaron Wan-Bissaka , Mamadou Sakho , James Tomkins , James McArthur , Max Meyer , Luka Milivojevic , Wilfried Zaha , Jordan Ayew , Andros Townsend , Jeffrey Schlupp , Cheikhou Kouyate , Alexander Sorloth 
38370,Cardiff CityCAR,Burnley,1,2,-1, Neil Etheridge , Greg Cunningham , Bruno Ecuele Manga , Sean Morrison , Sol Bamba , Victor Camarasa , Josh Murphy , Harry Arter , Joe Ralls , Callum Paterson , Kenneth Zohore , Gary Madine , Danny Ward ,, Joe Hart , James Tarkowski , Matthew Lowton , Ben Mee , Charlie Taylor , Ashley Westwood , Aaron Lennon , Jack Cork , Johann Gudmundsson , Sam Vokes , Matej Vydra , Kevin Long , Chris Wood ,
38371,Chelsea,Liverpool,1,1,0, Kepa Arrizabalaga , Antonio Rudiger , Marcos Alonso , David Luiz , Cesar Azpilicueta , Jorginho , NGolo Kante , Mateo Kovacic , Olivier Giroud , Eden Hazard , Willian , Victor Moses , Ross Barkley , Alvaro Morata , Alisson , Andrew Robertson , Joseph Gomez , Virgil van Dijk , Trent Alexander-Arnold , James Milner , Georginio Wijnaldum , Jordan Henderson , Roberto Firmino , Sadio Mane , Mohamed Salah , Naby Keita , Daniel Sturridge , Xherdan Shaqiri 
38372,Everton,FulhamFUL,3,0,1, Jordan Pickford , Michael Keane , Lucas Digne , Kurt Zouma , Jonjoe Kenny , Theo Walcott , Gylfi Sigurdsson  , Richarlison , Tom Davies , Idrissa Gueye , Dominic Calvert-Lewin , Bernard , Morgan Schneiderlin  , Cenk Tosun , Marcus Bettinelli , Timothy Fosu-Mensah , Denis Odoi , Joe Bryan , Tim Ream , Jean Michael Seri , Andre-Frank Zambo Anguissa , Luciano Vietto , Ryan Sessegnon , Aleksandar Mitrovic , Andre Schurrle , Cyrus Christie , Tom Cairney , Floyd Ayite 
38373,Huddersfield Town,Tottenham Hotspur,0,2,-1, Jonas Lossl , Terence Kongolo , Christopher Schindler , Zanka , Erik Durm , Aaron Mooy , Jonathan Hogg , Chris Lowe , Philip Billing , Alex Pritchard , Laurent Depoitre , Florent Hadergjonaj , Isaac Mbenza , Steve Mounie , Paulo Gazzaniga , Davinson Sanchez , Toby Alderweireld , Jan Vertonghen , Danny Rose , Kieran Trippier , Eric Dier , Mousa Dembele , Son Heung-Min , Lucas Moura , Harry Kane , Harry Winks , Moussa Sissoko , Victor Wanyama 
38374,Manchester City,Brighton and Hove Albion,2,0,1, Ederson , Nicolas Otamendi , Aymeric Laporte , Oleksandr Zinchenko , Kyle Walker , David Silva , Fernandinho , Bernardo Silva , Leroy Sane , Raheem Sterling , Sergio Aguero , Riyad Mahrez , Phil Foden , Gabriel Jesus , Mat Ryan , Gaetan Bong , Martin Montoya , Lewis Dunk , Shane Duffy , Yves Bissouma , Davy Propper , Solly March , Anthony Knockaert , Beram Kayal , Jurgen Locadia , Alireza Jahanbakhsh , Glenn Murray , Jose Izquierdo 
38375,Newcastle United,Leicester City,0,2,-1, Martin Dubravka , Jamaal Lascelles , Kenedy , DeAndre Yedlin , Ciaran Clark , Matt Ritchie , Jonjo Shelvey , Mohamed Diame , Christian Atsu , Ayoze Perez , Joselu , Javier Manquillo , Jacob Murphy , Yoshinori Muto , Kasper Schmeichel , Wes Morgan , Harry Maguire , Ben Chilwell , Daniel Amartey , James Maddison , Wilfred Ndidi , Nampalys Mendy , Kelechi Iheanacho , Ricardo Pereira , Jamie Vardy , Vicente Iborra , Marc Albrighton ,
38376,West Ham United,Manchester United,3,1,1, Lukasz Fabianski , Arthur Masuaku , Fabian Balbuena , Issa Diop , Pablo Zabaleta , Andriy Yarmolenko , Pedro Obiang , Mark Noble , Declan Rice , Felipe Anderson  , Marko Arnautovic , Robert Snodgrass , Michail Antonio , Grady Diangana  , David de Gea , Chris Smalling , Luke Shaw , Scott McTominay , Ashley Young , Victor Lindelof , Nemanja Matic , Paul Pogba , Marouane Fellaini , Romelu Lukaku , Anthony Martial , Fred , Juan Mata , Marcus Rashford 
38377,Wolverhampton WanderersWOL,Southampton,2,0,1, Rui Patricio , Conor Coady , Ryan Bennett , Willy Boly , Matt Doherty , Joao Moutinho , Ruben Neves , Jonny , Diogo Jota , Raul Jimenez  , Helder Costa , Adama Traore , Ivan Cavaleiro , Leo Bonatini  , Alex McCarthy , Ryan Bertrand , Wesley Hoedt , Cedric Soares , Jannik Vestergaard , Mohamed Elyounoussi , Mario Lemina , Pierre-Emile Hojbjerg , Nathan Redmond , Danny Ings , Charlie Austin , Stuart Armstrong , Manolo Gabbiadini ,
38378,Brighton and Hove Albion,West Ham United,1,0,1, Mat Ryan , Lewis Dunk , Shane Duffy , Bruno , Gaetan Bong , Anthony Knockaert , Beram Kayal , Alireza Jahanbakhsh , Davy Propper , Solly March , Glenn Murray , Yves Bissouma , Jurgen Locadia , Jose Izquierdo , Lukasz Fabianski , Fabian Balbuena , Arthur Masuaku , Pablo Zabaleta , Issa Diop , Pedro Obiang , Andriy Yarmolenko , Mark Noble , Felipe Anderson , Declan Rice , Marko Arnautovic , Michail Antonio , Robert Snodgrass , Lucas Perez 
38379,Burnley,Huddersfield Town,1,1,0, Joe Hart , James Tarkowski , Charlie Taylor , Matthew Lowton , Ben Mee , Aaron Lennon , Jack Cork , Ashley Westwood , Johann Gudmundsson , Sam Vokes , Ashley Barnes , Jeff Hendrick , Chris Wood , Matej Vydra , Jonas Lossl , Christopher Schindler , Zanka , Erik Durm , Chris Lowe , Aaron Mooy , Rajiv van La Parra , Jonathan Hogg , Alex Pritchard , Philip Billing , Laurent Depoitre , Florent Hadergjonaj , Isaac Mbenza , Steve Mounie 
38380,Crystal Palace,Wolverhampton WanderersWOL,0,1,-1, Wayne Hennessey , Mamadou Sakho , James Tomkins , Aaron Wan-Bissaka , Patrick van Aanholt , Andros Townsend , James McArthur , Luka Milivojevic , Jeffrey Schlupp , Jordan Ayew , Wilfried Zaha , Max Meyer , Cheikhou Kouyate , Alexander Sorloth , Rui Patricio , Willy Boly , Ryan Bennett , Conor Coady , Matt Doherty , Joao Moutinho , Ruben Neves , Jonny , Raul Jimenez , Diogo Jota , Helder Costa , Romain Saiss , Ivan Cavaleiro , Adama Traore 
38381,FulhamFUL,Arsenal,1,5,-1, Marcus Bettinelli , Tim Ream , Denis Odoi , Maxime Le Marchand , Andre-Frank Zambo Anguissa , Jean Michael Seri , Cyrus Christie , Ryan Sessegnon , Luciano Vietto , Aleksandar Mitrovic , Andre Schurrle , Kevin McDonald , Stefan Johansen , Aboubakar Kamara , Bernd Leno , Nacho Monreal , Hector Bellerin , Shkodran Mustafi , Rob Holding , Henrikh Mkhitaryan , Lucas Torreira , Alex Iwobi , Granit Xhaka , Alexandre Lacazette , Danny Welbeck , Matteo Guendouzi , Aaron Ramsey , Pierre-Emerick Aubameyang 
38382,Leicester City,Everton,1,2,-1, Kasper Schmeichel , Harry Maguire , Ben Chilwell , Daniel Amartey , Wes Morgan , Ricardo Pereira , Nampalys Mendy , Wilfred Ndidi , James Maddison , Kelechi Iheanacho , Jamie Vardy , Rachid Ghezzal , Marc Albrighton , Shinji Okazaki , Jordan Pickford , Lucas Digne , Jonjoe Kenny , Michael Keane , Kurt Zouma , Gylfi Sigurdsson , Idrissa Gueye , Tom Davies , Bernard  , Theo Walcott  , Richarlison , Morgan Schneiderlin  , Cenk Tosun , Dominic Calvert-Lewin  
38383,Liverpool,Manchester City,0,0,0, Alisson , Dejan Lovren , Joseph Gomez , Andrew Robertson , Virgil van Dijk , Georginio Wijnaldum , Jordan Henderson , James Milner , Mohamed Salah , Roberto Firmino , Sadio Mane , Naby Keita , Daniel Sturridge ,, Ederson , Benjamin Mendy , John Stones , Kyle Walker , Aymeric Laporte , Fernandinho , Bernardo Silva , Riyad Mahrez , Raheem Sterling , David Silva , Sergio Aguero , Gabriel Jesus , Leroy Sane ,
38384,Manchester United,Newcastle United,3,2,1, David de Gea , Ashley Young , Chris Smalling , Eric Bailly , Luke Shaw , Paul Pogba , Scott McTominay , Nemanja Matic , Romelu Lukaku , Anthony Martial , Marcus Rashford , Marouane Fellaini , Juan Mata , Alexis Sanchez , Martin Dubravka , Javier Manquillo , DeAndre Yedlin , Federico Fernandez , Jamaal Lascelles , Kenedy , Mohamed Diame , Matt Ritchie , Jonjo Shelvey , Yoshinori Muto , Ayoze Perez , Christian Atsu , Jacob Murphy , Joselu 
38385,Southampton,Chelsea,0,3,-1, Alex McCarthy , Jan Bednarek , Maya Yoshida , Wesley Hoedt , Pierre-Emile Hojbjerg , Ryan Bertrand , Cedric Soares , Mario Lemina , Danny Ings , Manolo Gabbiadini , Nathan Redmond , Oriol Romeu , Shane Long ,, Kepa Arrizabalaga , Cesar Azpilicueta , Marcos Alonso , David Luiz , Antonio Rudiger , NGolo Kante , Ross Barkley , Jorginho , Willian , Eden Hazard , Olivier Giroud , Mateo Kovacic , Pedro , Alvaro Morata 
38386,Tottenham Hotspur,Cardiff CityCAR,1,0,1, Hugo Lloris , Danny Rose , Kieran Trippier , Toby Alderweireld , Davinson Sanchez , Harry Winks , Eric Dier , Son Heung-Min , Moussa Sissoko , Harry Kane , Lucas Moura , Ben Davies , Erik Lamela , Victor Wanyama , Neil Etheridge , Bruno Ecuele Manga , Sol Bamba , Joe Bennett , Sean Morrison , Victor Camarasa , Joe Ralls , David Junior Hoilett , Harry Arter , Josh Murphy , Callum Paterson , Bobby De Cordova-Reid , Kadeem Harris , Danny Ward 
38387,Watford,AFC Bournemouth,0,4,-1, Ben Foster , Christian Kabasele , Jose Holebas , Kiko Femenia , Craig Cathcart , Etienne Capoue , Roberto Pereyra , Abdoulaye Doucoure , Will Hughes , Troy Deeney , Andre Gray , Adrian Mariappa , Gerard Deulofeu , Isaac Success , Asmir Begovic , Simon Francis , Nathan Ake , Steve Cook , Adam Smith , Ryan Fraser , Lewis Cook , David Brooks , Jefferson Lerma , Joshua King , Callum Wilson , Junior Stanislas , Andrew Surman , Dan Gosling 
38388,Arsenal,Leicester City,3,1,1, Bernd Leno , Stephan Lichtsteiner , Hector Bellerin , Rob Holding , Shkodran Mustafi , Lucas Torreira , Alex Iwobi , Henrikh Mkhitaryan , Mesut Ozil , Granit Xhaka , Alexandre Lacazette , Matteo Guendouzi , Aaron Ramsey , Pierre-Emerick Aubameyang , Kasper Schmeichel , Jonny Evans , Daniel Amartey , Harry Maguire , Ben Chilwell , Nampalys Mendy , Wilfred Ndidi , Ricardo Pereira , James Maddison , Kelechi Iheanacho , Jamie Vardy , Rachid Ghezzal , Marc Albrighton , Shinji Okazaki 
38389,AFC Bournemouth,Southampton,0,0,0, Asmir Begovic , Nathan Ake , Adam Smith , Steve Cook , Simon Francis , David Brooks , Jefferson Lerma , Ryan Fraser , Lewis Cook , Callum Wilson , Joshua King , Dan Gosling , Jordon Ibe , Junior Stanislas , Alex McCarthy , Cedric Soares , Ryan Bertrand , Wesley Hoedt , Jack Stephens , Pierre-Emile Hojbjerg , Mohamed Elyounoussi , Nathan Redmond , Mario Lemina , Charlie Austin , Danny Ings , Stuart Armstrong , Manolo Gabbiadini , Shane Long 
38390,Cardiff CityCAR,FulhamFUL,4,2,1, Neil Etheridge , Sol Bamba , Joe Bennett , Sean Morrison , Bruno Ecuele Manga , Victor Camarasa , Aron Gunnarsson , Josh Murphy , Harry Arter , Callum Paterson , Bobby De Cordova-Reid , Jazz Richards , Kadeem Harris , Loic Damour , Marcus Bettinelli , Tim Ream , Calum Chambers , Maxime Le Marchand , Denis Odoi , Kevin McDonald , Jean Michael Seri , Stefan Johansen , Andre Schurrle , Ryan Sessegnon , Aleksandar Mitrovic , Alfie Mawson , Floyd Ayite , Luciano Vietto 
38391,Chelsea,Manchester United,2,2,0, Kepa Arrizabalaga , David Luiz , Antonio Rudiger , Cesar Azpilicueta , Marcos Alonso , Mateo Kovacic , NGolo Kante , Jorginho , Eden Hazard , Willian , Alvaro Morata , Ross Barkley , Pedro , Olivier Giroud , David de Gea , Luke Shaw , Victor Lindelof , Chris Smalling , Ashley Young , Marcus Rashford , Anthony Martial , Juan Mata , Nemanja Matic , Paul Pogba , Romelu Lukaku , Ander Herrera , Andreas Pereira , Alexis Sanchez 
38392,Everton,Crystal Palace,2,0,1, Jordan Pickford , Lucas Digne , Michael Keane , Kurt Zouma , Seamus Coleman , Idrissa Gueye , Gylfi Sigurdsson , Andre Gomes , Theo Walcott , Bernard , Richarlison , Cenk Tosun , Dominic Calvert-Lewin , Ademola Lookman , Wayne Hennessey , Aaron Wan-Bissaka , Patrick van Aanholt , Mamadou Sakho , James Tomkins , James McArthur , Luka Milivojevic , Cheikhou Kouyate , Jeffrey Schlupp , Wilfried Zaha , Andros Townsend , Connor Wickham ,,
38393,Huddersfield Town,Liverpool,0,1,-1, Jonas Lossl , Zanka , Chris Lowe , Christopher Schindler , Aaron Mooy , Erik Durm , Jonathan Hogg  , Florent Hadergjonaj , Philip Billing , Alex Pritchard , Laurent Depoitre , Isaac Mbenza , Steve Mounie , Adama Diakhaby  , Alisson , Joseph Gomez , Andrew Robertson , Dejan Lovren , Virgil van Dijk , Xherdan Shaqiri , James Milner , Jordan Henderson , Adam Lallana , Mohamed Salah , Daniel Sturridge , Georginio Wijnaldum , Fabinho , Roberto Firmino 
38394,Manchester City,Burnley,5,0,1, Ederson , Vincent Kompany , Benjamin Mendy , John Stones , Aymeric Laporte , Fernandinho , Bernardo Silva , David Silva , Riyad Mahrez , Leroy Sane , Sergio Aguero , Kevin De Bruyne , Phil Foden , Gabriel Jesus , Joe Hart , Matthew Lowton , Charlie Taylor , James Tarkowski , Ben Mee , Jack Cork , Aaron Lennon , Johann Gudmundsson , Steven Defour , Jeff Hendrick , Sam Vokes , Ashley Westwood , Chris Wood , Ashley Barnes 
38395,Newcastle United,Brighton and Hove Albion,0,1,-1, Martin Dubravka , DeAndre Yedlin , Jamaal Lascelles , Federico Fernandez , Paul Dummett , Mohamed Diame , Matt Ritchie , Kenedy , Jonjo Shelvey , Yoshinori Muto , Ayoze Perez , Joselu ,,, Mat Ryan , Lewis Dunk , Bruno , Shane Duffy , Gaetan Bong , Beram Kayal , Alireza Jahanbakhsh , Dale Stephens , Jose Izquierdo , Solly March , Glenn Murray , Bernardo , Yves Bissouma , Jurgen Locadia 
38396,West Ham United,Tottenham Hotspur,0,1,-1, Lukasz Fabianski , Pablo Zabaleta , Fabian Balbuena , Aaron Cresswell , Issa Diop , Felipe Anderson , Mark Noble , Andriy Yarmolenko , Declan Rice , Robert Snodgrass , Marko Arnautovic , Michail Antonio , Grady Diangana , Chicharito , Hugo Lloris , Davinson Sanchez , Toby Alderweireld , Kieran Trippier , Ben Davies , Lucas Moura , Moussa Sissoko , Erik Lamela , Eric Dier , Harry Winks , Harry Kane , Christian Eriksen , Mousa Dembele , Fernando Llorente 
38397,Wolverhampton WanderersWOL,Watford,0,2,-1, Rui Patricio , Ryan Bennett , Conor Coady , Willy Boly , Ruben Neves , Joao Moutinho , Matt Doherty , Jonny , Diogo Jota , Helder Costa , Raul Jimenez , Ruben Vinagre , Adama Traore , Ivan Cavaleiro , Ben Foster , Craig Cathcart , Adam Masina , Adrian Mariappa , Kiko Femenia , Will Hughes , Roberto Pereyra , Etienne Capoue , Abdoulaye Doucoure , Isaac Success , Gerard Deulofeu , Ben Wilmot , Sebastian Prodl , Andre Gray 
38398,Brighton and Hove Albion,Wolverhampton WanderersWOL,1,0,1, Mat Ryan , Gaetan Bong , Bruno , Shane Duffy , Lewis Dunk , Dale Stephens , Alireza Jahanbakhsh , Beram Kayal , Jose Izquierdo , Solly March , Glenn Murray , Yves Bissouma , Anthony Knockaert ,, Rui Patricio , Ryan Bennett , Willy Boly , Conor Coady , Matt Doherty , Joao Moutinho , Ruben Neves , Jonny , Adama Traore , Helder Costa , Raul Jimenez , Diogo Jota , Ivan Cavaleiro , Leo Bonatini 
38399,Burnley,Chelsea,0,4,-1, Joe Hart , Ben Mee , Charlie Taylor , Matthew Lowton , James Tarkowski , Jack Cork , Johann Gudmundsson , Robbie Brady , Steven Defour , Jeff Hendrick , Sam Vokes , Ashley Westwood , Chris Wood , Ashley Barnes , Kepa Arrizabalaga , Antonio Rudiger , David Luiz , Cesar Azpilicueta , Marcos Alonso , NGolo Kante , Jorginho , Ross Barkley , Pedro , Alvaro Morata , Willian , Cesc Fabregas , Ruben Loftus-Cheek , Olivier Giroud 
38400,Crystal Palace,Arsenal,2,2,0, Wayne Hennessey , Mamadou Sakho , Patrick van Aanholt , James Tomkins , Aaron Wan-Bissaka , Andros Townsend , Cheikhou Kouyate , James McArthur , Luka Milivojevic , Wilfried Zaha , Jordan Ayew , Jason Puncheon , Max Meyer , Alexander Sorloth , Bernd Leno , Shkodran Mustafi , Rob Holding , Granit Xhaka , Hector Bellerin , Mesut Ozil , Pierre-Emerick Aubameyang , Matteo Guendouzi , Alex Iwobi , Lucas Torreira , Alexandre Lacazette , Stephan Lichtsteiner , Aaron Ramsey , Danny Welbeck 
38401,FulhamFUL,AFC Bournemouth,0,3,-1, Sergio Rico , Denis Odoi , Timothy Fosu-Mensah , Tim Ream , Maxime Le Marchand , Aboubakar Kamara , Ryan Sessegnon , Jean Michael Seri , Kevin McDonald , Andre Schurrle , Aleksandar Mitrovic , Andre-Frank Zambo Anguissa , Tom Cairney ,, Asmir Begovic , Simon Francis , Nathan Ake , Steve Cook , Charlie Daniels , Adam Smith , Jefferson Lerma , Lewis Cook , David Brooks , Ryan Fraser , Callum Wilson , Dan Gosling , Junior Stanislas , Jermain Defoe 
38402,Leicester City,West Ham United,1,1,0, Kasper Schmeichel , Harry Maguire , Ben Chilwell , Caglar Soyuncu , Daniel Amartey  , Marc Albrighton , Wilfred Ndidi , Rachid Ghezzal , James Maddison , Vicente Iborra , Kelechi Iheanacho , Demarai Gray , Jamie Vardy , Shinji Okazaki , Lukasz Fabianski , Arthur Masuaku , Fabian Balbuena , Issa Diop , Pablo Zabaleta , Robert Snodgrass , Mark Noble , Felipe Anderson , Declan Rice , Grady Diangana , Chicharito , Angelo Ogbonna , Aaron Cresswell , Michail Antonio 
38403,Liverpool,Cardiff CityCAR,4,1,1, Alisson , Virgil van Dijk , Trent Alexander-Arnold , Alberto Moreno , Dejan Lovren , Sadio Mane , Georginio Wijnaldum , Fabinho , Roberto Firmino , Adam Lallana , Mohamed Salah , James Milner , Xherdan Shaqiri ,, Neil Etheridge , Sol Bamba , Bruno Ecuele Manga , Joe Bennett , Sean Morrison , David Junior Hoilett , Josh Murphy , Victor Camarasa , Aron Gunnarsson , Callum Paterson , Bobby De Cordova-Reid , Kadeem Harris , Loic Damour , Kenneth Zohore 
38404,Manchester United,Everton,2,1,1, David de Gea , Ashley Young , Luke Shaw , Chris Smalling , Victor Lindelof , Paul Pogba , Fred  , Nemanja Matic , Marcus Rashford , Juan Mata , Anthony Martial , Jesse Lingard  , Ander Herrera , Romelu Lukaku , Jordan Pickford , Michael Keane , Lucas Digne , Kurt Zouma , Seamus Coleman , Andre Gomes , Bernard , Idrissa Gueye , Gylfi Sigurdsson , Theo Walcott , Richarlison , Ademola Lookman , Cenk Tosun , Dominic Calvert-Lewin 
38405,Southampton,Newcastle United,0,0,0, Alex McCarthy , Wesley Hoedt , Ryan Bertrand , Jack Stephens , Cedric Soares , Mario Lemina , Oriol Romeu , Mohamed Elyounoussi , Nathan Redmond , Charlie Austin , Danny Ings , James Ward-Prowse , Manolo Gabbiadini , Shane Long , Martin Dubravka , DeAndre Yedlin , Paul Dummett , Federico Fernandez , Jamaal Lascelles , Jonjo Shelvey , Matt Ritchie , Mohamed Diame , Kenedy , Ayoze Perez , Yoshinori Muto , Ki Sung-yueng , Christian Atsu , Salomon Rondon 
38406,Tottenham Hotspur,Manchester City,0,1,-1, Hugo Lloris , Toby Alderweireld , Ben Davies , Kieran Trippier , Davinson Sanchez , Erik Lamela , Mousa Dembele , Eric Dier , Moussa Sissoko , Lucas Moura , Harry Kane , Christian Eriksen , Harry Winks , Dele Alli , Ederson , Kyle Walker , Aymeric Laporte , Benjamin Mendy , John Stones , Fernandinho , David Silva , Bernardo Silva , Sergio Aguero , Riyad Mahrez  , Raheem Sterling , Vincent Kompany , Kevin De Bruyne , Gabriel Jesus  
38407,Watford,Huddersfield Town,3,0,1, Ben Foster , Adrian Mariappa , Craig Cathcart , Adam Masina , Kiko Femenia , Will Hughes , Abdoulaye Doucoure , Roberto Pereyra , Etienne Capoue , Gerard Deulofeu , Isaac Success , Christian Kabasele , Ken Sema , Andre Gray , Jonas Lossl , Chris Lowe , Erik Durm , Christopher Schindler , Zanka , Isaac Mbenza , Aaron Mooy , Jonathan Hogg , Philip Billing , Laurent Depoitre , Alex Pritchard , Juninho Bacuna , Ramadan Sobhi , Steve Mounie 
38408,Arsenal,Liverpool,1,1,0, Bernd Leno , Sead Kolasinac , Shkodran Mustafi , Hector Bellerin , Rob Holding , Henrikh Mkhitaryan , Lucas Torreira , Mesut Ozil , Pierre-Emerick Aubameyang , Granit Xhaka , Alexandre Lacazette , Aaron Ramsey , Alex Iwobi , Danny Welbeck , Alisson , Trent Alexander-Arnold , Virgil van Dijk , Joseph Gomez , Andrew Robertson , Georginio Wijnaldum , James Milner , Fabinho , Sadio Mane , Mohamed Salah  , Roberto Firmino , Joel Matip  , Xherdan Shaqiri ,
38409,AFC Bournemouth,Manchester United,1,2,-1, Asmir Begovic , Steve Cook , Nathan Ake , Adam Smith , Simon Francis , Jefferson Lerma , Ryan Fraser , Lewis Cook , Junior Stanislas  , Callum Wilson , David Brooks , Dan Gosling , Andrew Surman  , Jordon Ibe , David de Gea , Victor Lindelof , Ashley Young , Luke Shaw , Chris Smalling , Nemanja Matic , Fred , Paul Pogba , Alexis Sanchez , Juan Mata , Anthony Martial , Ander Herrera , Jesse Lingard , Marcus Rashford 
38410,Cardiff CityCAR,Leicester City,0,1,-1, Neil Etheridge , Joe Bennett , Sol Bamba , Bruno Ecuele Manga , Sean Morrison , Aron Gunnarsson , Victor Camarasa , Josh Murphy , Harry Arter , Callum Paterson , Bobby De Cordova-Reid , Gary Madine , Danny Ward , David Junior Hoilett , Kasper Schmeichel , Wes Morgan , Harry Maguire , Ben Chilwell , Ricardo Pereira , James Maddison , Nampalys Mendy , Wilfred Ndidi , Demarai Gray , Marc Albrighton , Jamie Vardy , Jonny Evans , Danny Simpson , Vicente Iborra 
38411,Chelsea,Crystal Palace,3,1,1, Kepa Arrizabalaga , Marcos Alonso , Antonio Rudiger , David Luiz , Cesar Azpilicueta , NGolo Kante , Ross Barkley , Jorginho , Alvaro Morata , Pedro , Willian , Cesc Fabregas , Mateo Kovacic , Eden Hazard , Wayne Hennessey , Aaron Wan-Bissaka , Patrick van Aanholt , James Tomkins , Mamadou Sakho , Luka Milivojevic , Cheikhou Kouyate , Max Meyer , James McArthur , Wilfried Zaha , Andros Townsend , Jeffrey Schlupp , Jordan Ayew ,
38412,Everton,Brighton and Hove Albion,3,1,1, Jordan Pickford , Michael Keane , Lucas Digne , Seamus Coleman , Kurt Zouma , Gylfi Sigurdsson , Idrissa Gueye , Andre Gomes , Bernard , Theo Walcott , Richarlison , Yerry Mina , Dominic Calvert-Lewin , Ademola Lookman , Mat Ryan , Lewis Dunk , Bruno , Gaetan Bong , Shane Duffy , Alireza Jahanbakhsh  , Dale Stephens , Jose Izquierdo , Beram Kayal , Solly March , Glenn Murray , Yves Bissouma , Anthony Knockaert , Florin Andone 
38413,Huddersfield Town,FulhamFUL,1,0,1, Jonas Lossl , Christopher Schindler , Zanka , Terence Kongolo , Jonathan Hogg , Chris Lowe , Florent Hadergjonaj , Philip Billing , Alex Pritchard , Aaron Mooy , Steve Mounie , Juninho Bacuna , Isaac Mbenza , Laurent Depoitre , Sergio Rico , Timothy Fosu-Mensah , Maxime Le Marchand , Ryan Sessegnon , Denis Odoi , Andre-Frank Zambo Anguissa , Jean Michael Seri , Tom Cairney , Aleksandar Mitrovic , Andre Schurrle , Luciano Vietto , Cyrus Christie , Kevin McDonald , Stefan Johansen 
38414,Manchester City,Southampton,6,1,1, Ederson , Benjamin Mendy , Kyle Walker , John Stones , Aymeric Laporte , David Silva , Fernandinho , Bernardo Silva , Raheem Sterling , Leroy Sane , Sergio Aguero , Vincent Kompany , Phil Foden , Fabian Delph , Alex McCarthy , Cedric Soares , Ryan Bertrand , Jack Stephens , Wesley Hoedt , Pierre-Emile Hojbjerg , Nathan Redmond , Mario Lemina , James Ward-Prowse , Shane Long , Danny Ings , Mohamed Elyounoussi , Stuart Armstrong , Michael Obafemi 
38415,Newcastle United,Watford,1,0,1, Martin Dubravka , Jamaal Lascelles , DeAndre Yedlin , Paul Dummett , Federico Fernandez , Kenedy , Matt Ritchie , Mohamed Diame , Jonjo Shelvey , Yoshinori Muto  , Salomon Rondon , Fabian Schar , Ki Sung-yueng , Ayoze Perez  , Ben Foster , Adrian Mariappa , Kiko Femenia , Jose Holebas , Craig Cathcart , Roberto Pereyra , Etienne Capoue , Will Hughes , Abdoulaye Doucoure , Gerard Deulofeu , Isaac Success , Nathaniel Chalobah , Stefano Okaka , Andre Gray 
38416,West Ham United,Burnley,4,2,1, Lukasz Fabianski , Issa Diop , Aaron Cresswell , Fabian Balbuena , Pablo Zabaleta , Robert Snodgrass , Declan Rice , Felipe Anderson , Pedro Obiang , Grady Diangana , Marko Arnautovic  , Angelo Ogbonna  , Michail Antonio , Chicharito , Joe Hart , James Tarkowski , Ben Mee , Charlie Taylor , Matthew Lowton , Johann Gudmundsson , Steven Defour , Aaron Lennon , Ashley Westwood , Matej Vydra , Sam Vokes , Robbie Brady , Chris Wood , Ashley Barnes 
38417,Wolverhampton WanderersWOL,Tottenham Hotspur,2,3,-1, Rui Patricio , Ryan Bennett , Conor Coady , Willy Boly , Ruben Neves , Matt Doherty , Joao Moutinho , Jonny , Ivan Cavaleiro , Helder Costa , Raul Jimenez , Morgan Gibbs-White , Adama Traore , Leo Bonatini , Hugo Lloris , Juan Foyth , Kieran Trippier , Toby Alderweireld , Ben Davies , Lucas Moura , Moussa Sissoko , Harry Winks , Mousa Dembele , Erik Lamela , Harry Kane , Davinson Sanchez , Christian Eriksen , Son Heung-Min 
38418,Arsenal,Wolverhampton WanderersWOL,1,1,0, Bernd Leno , Hector Bellerin , Sead Kolasinac , Shkodran Mustafi , Rob Holding , Alex Iwobi , Granit Xhaka , Mesut Ozil , Lucas Torreira , Pierre-Emerick Aubameyang , Alexandre Lacazette , Matteo Guendouzi , Aaron Ramsey , Henrikh Mkhitaryan , Rui Patricio , Willy Boly , Ryan Bennett , Conor Coady , Matt Doherty , Ruben Neves , Joao Moutinho , Jonny , Ivan Cavaleiro , Raul Jimenez , Helder Costa , Morgan Gibbs-White , Diogo Jota , Adama Traore 
38419,Cardiff CityCAR,Brighton and Hove Albion,2,1,1, Neil Etheridge , Greg Cunningham , Bruno Ecuele Manga , Sean Morrison , Sol Bamba , Josh Murphy , Joe Ralls , Kadeem Harris , Aron Gunnarsson , Victor Camarasa , Callum Paterson , Lee Peltier , Bobby De Cordova-Reid , David Junior Hoilett , Mat Ryan , Martin Montoya , Lewis Dunk , Shane Duffy , Gaetan Bong , Beram Kayal , Anthony Knockaert , Jose Izquierdo , Dale Stephens , Glenn Murray , Solly March , Yves Bissouma , Florin Andone ,
38420,Chelsea,Everton,0,0,0, Kepa Arrizabalaga , Antonio Rudiger , David Luiz , Cesar Azpilicueta , Marcos Alonso , Jorginho , NGolo Kante , Mateo Kovacic , Alvaro Morata , Willian , Eden Hazard , Cesc Fabregas , Ross Barkley , Pedro , Jordan Pickford , Michael Keane , Lucas Digne , Seamus Coleman , Yerry Mina , Bernard , Theo Walcott , Andre Gomes , Idrissa Gueye , Gylfi Sigurdsson , Richarlison , Phil Jagielka , Dominic Calvert-Lewin , Ademola Lookman 
38421,Crystal Palace,Tottenham Hotspur,0,1,-1, Wayne Hennessey , Aaron Wan-Bissaka , Patrick van Aanholt , Mamadou Sakho , James Tomkins , James McArthur , Luka Milivojevic , Cheikhou Kouyate , Max Meyer , Jordan Ayew , Andros Townsend , Martin Kelly , Jeffrey Schlupp , Alexander Sorloth , Hugo Lloris , Ben Davies , Kieran Trippier , Juan Foyth , Toby Alderweireld , Lucas Moura , Moussa Sissoko , Erik Lamela , Dele Alli , Victor Wanyama , Harry Kane , Serge Aurier , Harry Winks , Son Heung-Min 
38422,Huddersfield Town,West Ham United,1,1,0, Jonas Lossl , Terence Kongolo , Christopher Schindler , Zanka , Chris Lowe , Florent Hadergjonaj , Jonathan Hogg , Aaron Mooy , Philip Billing , Alex Pritchard , Steve Mounie , Erik Durm , Isaac Mbenza , Laurent Depoitre , Lukasz Fabianski , Pablo Zabaleta , Issa Diop , Fabian Balbuena , Aaron Cresswell , Felipe Anderson , Pedro Obiang , Declan Rice , Robert Snodgrass , Grady Diangana , Marko Arnautovic , Ryan Fredericks  , Michail Antonio , Chicharito 
38423,Leicester City,Burnley,0,0,0, Kasper Schmeichel , Ricardo Pereira , Wes Morgan , Ben Chilwell , Jonny Evans , Rachid Ghezzal , Demarai Gray , Wilfred Ndidi , Marc Albrighton , Nampalys Mendy , Jamie Vardy , Caglar Soyuncu , Kelechi Iheanacho , Shinji Okazaki , Joe Hart , Matthew Lowton , Kevin Long , Ben Mee , Charlie Taylor , Steven Defour , Jack Cork , Aaron Lennon , Johann Gudmundsson , Chris Wood , Sam Vokes , Robbie Brady , Jeff Hendrick , Ashley Barnes 
38424,Liverpool,FulhamFUL,2,0,1, Alisson , Virgil van Dijk , Trent Alexander-Arnold , Joseph Gomez , Andrew Robertson , Roberto Firmino , Georginio Wijnaldum , Fabinho  , Sadio Mane , Xherdan Shaqiri , Mohamed Salah , Naby Keita  , James Milner , Jordan Henderson , Sergio Rico , Alfie Mawson , Denis Odoi , Maxime Le Marchand , Cyrus Christie , Andre Schurrle , Andre-Frank Zambo Anguissa , Tom Cairney , Calum Chambers , Ryan Sessegnon , Aleksandar Mitrovic , Stefan Johansen , Jean Michael Seri , Luciano Vietto 
38425,Manchester City,Manchester United,3,1,1, Ederson , Kyle Walker , Aymeric Laporte , John Stones , Benjamin Mendy , Bernardo Silva , David Silva  , Fernandinho , Riyad Mahrez , Sergio Aguero , Raheem Sterling , Phil Foden  , Ilkay Gundogan , Leroy Sane , David de Gea , Chris Smalling , Ashley Young , Luke Shaw , Victor Lindelof , Marouane Fellaini , Ander Herrera , Nemanja Matic , Marcus Rashford , Anthony Martial , Jesse Lingard , Juan Mata , Alexis Sanchez , Romelu Lukaku 
38426,Newcastle United,AFC Bournemouth,2,1,1, Martin Dubravka , Federico Fernandez , DeAndre Yedlin , Fabian Schar , Paul Dummett , Kenedy , Matt Ritchie , Mohamed Diame , Ki Sung-yueng , Salomon Rondon , Ayoze Perez , Ciaran Clark , Christian Atsu , Isaac Hayden , Asmir Begovic , Steve Cook , Nathan Ake , Simon Francis , Adam Smith , Jordon Ibe , Ryan Fraser , Lewis Cook , Jefferson Lerma , David Brooks , Callum Wilson , Charlie Daniels , Dan Gosling , Jermain Defoe 
38427,Southampton,Watford,1,1,0, Alex McCarthy , Wesley Hoedt , Ryan Bertrand , Maya Yoshida , Cedric Soares , Stuart Armstrong , Mario Lemina , Pierre-Emile Hojbjerg , Nathan Redmond , Manolo Gabbiadini , Danny Ings , James Ward-Prowse , Michael Obafemi , Charlie Austin , Ben Foster , Kiko Femenia , Adrian Mariappa , Jose Holebas , Craig Cathcart , Nathaniel Chalobah , Will Hughes , Roberto Pereyra , Abdoulaye Doucoure , Gerard Deulofeu , Isaac Success , Andre Gray , Troy Deeney ,
38428,AFC Bournemouth,Arsenal,1,2,-1, Asmir Begovic , Simon Francis , Steve Cook , Nathan Ake , Charlie Daniels , Ryan Fraser , Dan Gosling , David Brooks , Jefferson Lerma , Callum Wilson , Joshua King , Junior Stanislas , Lewis Cook , Lys Mousset , Bernd Leno , Shkodran Mustafi , Sokratis , Rob Holding , Sead Kolasinac , Lucas Torreira , Granit Xhaka , Hector Bellerin , Henrikh Mkhitaryan , Pierre-Emerick Aubameyang  , Alex Iwobi , Matteo Guendouzi , Aaron Ramsey , Eddie Nketiah  
38429,Brighton and Hove Albion,Leicester City,1,1,0, Mat Ryan , Shane Duffy , Bernardo , Bruno , Lewis Dunk , Beram Kayal , Davy Propper , Anthony Knockaert , Jose Izquierdo , Glenn Murray , Pascal Gross , Solly March , Jurgen Locadia , Florin Andone , Kasper Schmeichel , Ricardo Pereira , Jonny Evans , Ben Chilwell , Wes Morgan , Nampalys Mendy , Demarai Gray , James Maddison , Marc Albrighton , Vicente Iborra , Shinji Okazaki , Wilfred Ndidi , Kelechi Iheanacho , Jamie Vardy 
38430,Burnley,Newcastle United,1,2,-1, Joe Hart , Ben Mee , Kevin Long , Matthew Lowton , Charlie Taylor , Robbie Brady , Aaron Lennon , Jack Cork , Steven Defour , Chris Wood , Sam Vokes , Jeff Hendrick , Ashley Barnes ,, Martin Dubravka , Fabian Schar , DeAndre Yedlin , Ciaran Clark , Matt Ritchie , Federico Fernandez , Ayoze Perez , Ki Sung-yueng , Mohamed Diame , Kenedy , Salomon Rondon , Isaac Hayden , Joselu ,
38431,Everton,Cardiff CityCAR,1,0,1, Jordan Pickford , Lucas Digne , Seamus Coleman , Yerry Mina , Michael Keane , Idrissa Gueye , Andre Gomes , Bernard , Theo Walcott , Gylfi Sigurdsson  , Richarlison , Kurt Zouma  , Ademola Lookman , Cenk Tosun , Neil Etheridge , Bruno Ecuele Manga , Greg Cunningham , Sol Bamba , Sean Morrison , Victor Camarasa , Kadeem Harris , Aron Gunnarsson , Harry Arter , Joe Ralls , Callum Paterson , Josh Murphy , David Junior Hoilett , Danny Ward 
38432,FulhamFUL,Southampton,3,2,1, Sergio Rico , Alfie Mawson , Cyrus Christie , Denis Odoi , Maxime Le Marchand , Calum Chambers , Andre Schurrle , Tom Cairney , Ryan Sessegnon , Jean Michael Seri , Aleksandar Mitrovic , Stefan Johansen , Aboubakar Kamara , Floyd Ayite , Alex McCarthy , Wesley Hoedt , Maya Yoshida , Matt Targett , Cedric Soares , Mario Lemina , Stuart Armstrong , Manolo Gabbiadini , Pierre-Emile Hojbjerg , Nathan Redmond , Charlie Austin , Mohamed Elyounoussi , Michael Obafemi ,
38433,Manchester United,Crystal Palace,0,0,0, David de Gea , Ashley Young , Victor Lindelof , Chris Smalling , Matteo Darmian , Jesse Lingard , Nemanja Matic , Paul Pogba , Juan Mata , Anthony Martial , Romelu Lukaku , Marouane Fellaini , Alexis Sanchez , Marcus Rashford , Wayne Hennessey , James Tomkins , Patrick van Aanholt , Mamadou Sakho , Aaron Wan-Bissaka , James McArthur , Cheikhou Kouyate , Luka Milivojevic , Max Meyer , Wilfried Zaha  , Andros Townsend , Jeffrey Schlupp , Jordan Ayew  ,
38434,Tottenham Hotspur,Chelsea,3,1,1, Hugo Lloris , Serge Aurier , Ben Davies , Toby Alderweireld , Juan Foyth , Moussa Sissoko , Christian Eriksen , Dele Alli , Eric Dier , Harry Kane , Son Heung-Min , Harry Winks , Erik Lamela ,, Kepa Arrizabalaga , Antonio Rudiger , David Luiz , Cesar Azpilicueta , Marcos Alonso , Jorginho , NGolo Kante , Mateo Kovacic , Willian , Alvaro Morata , Eden Hazard , Ross Barkley , Pedro , Olivier Giroud 
38435,Watford,Liverpool,0,3,-1, Ben Foster , Kiko Femenia , Adam Masina , Adrian Mariappa , Craig Cathcart , Roberto Pereyra , Abdoulaye Doucoure , Etienne Capoue , Will Hughes , Troy Deeney , Gerard Deulofeu , Isaac Success , Andre Gray ,, Alisson , Trent Alexander-Arnold , Dejan Lovren , Virgil van Dijk , Andrew Robertson , Xherdan Shaqiri , Jordan Henderson , Roberto Firmino  , Georginio Wijnaldum , Sadio Mane , Mohamed Salah , Joel Matip  , James Milner , Fabinho 
38436,West Ham United,Manchester City,0,4,-1, Lukasz Fabianski , Pablo Zabaleta , Arthur Masuaku , Fabian Balbuena , Issa Diop , Declan Rice , Michail Antonio , Felipe Anderson , Pedro Obiang , Grady Diangana , Marko Arnautovic , Aaron Cresswell , Chicharito , Lucas Perez , Ederson , Kyle Walker , Fabian Delph , Aymeric Laporte , Nicolas Otamendi , David Silva , Fernandinho , Ilkay Gundogan , Raheem Sterling , Sergio Aguero , Leroy Sane , Phil Foden , Riyad Mahrez , Gabriel Jesus 
38437,Wolverhampton WanderersWOL,Huddersfield Town,0,2,-1, Rui Patricio , Ryan Bennett , Conor Coady , Willy Boly , Ruben Vinagre , Ruben Neves , Matt Doherty , Joao Moutinho , Raul Jimenez , Ivan Cavaleiro , Helder Costa , Diogo Jota , Morgan Gibbs-White , Adama Traore , Jonas Lossl , Tommy Smith , Christopher Schindler , Terence Kongolo , Erik Durm , Aaron Mooy , Florent Hadergjonaj , Jonathan Hogg  , Philip Billing  , Steve Mounie , Alex Pritchard  , Jon Gorenc Stankovic  , Isaac Mbenza  , Danny Williams  
38438,Arsenal,Tottenham Hotspur,4,2,1, Bernd Leno , Sokratis , Rob Holding , Shkodran Mustafi , Granit Xhaka , Hector Bellerin , Sead Kolasinac , Lucas Torreira , Alex Iwobi , Pierre-Emerick Aubameyang , Henrikh Mkhitaryan , Matteo Guendouzi , Aaron Ramsey , Alexandre Lacazette , Hugo Lloris , Jan Vertonghen , Ben Davies , Serge Aurier , Juan Foyth , Christian Eriksen , Moussa Sissoko , Dele Alli , Eric Dier , Harry Kane , Son Heung-Min , Danny Rose , Lucas Moura , Harry Winks 
38439,Cardiff CityCAR,Wolverhampton WanderersWOL,2,1,1, Neil Etheridge , Bruno Ecuele Manga , Sean Morrison , Sol Bamba , David Junior Hoilett , Joe Ralls , Victor Camarasa , Aron Gunnarsson , Harry Arter , Josh Murphy , Callum Paterson , Kadeem Harris , Bobby De Cordova-Reid ,, Rui Patricio , Willy Boly , Romain Saiss , Conor Coady , Ruben Neves , Ruben Vinagre , Joao Moutinho , Matt Doherty , Raul Jimenez , Helder Costa , Adama Traore , Diogo Jota , Morgan Gibbs-White , Ivan Cavaleiro 
38440,Chelsea,FulhamFUL,2,0,1, Kepa Arrizabalaga , Marcos Alonso , Antonio Rudiger , David Luiz , Cesar Azpilicueta , Mateo Kovacic , Jorginho , NGolo Kante , Eden Hazard , Olivier Giroud , Pedro , Davide Zappacosta , Ruben Loftus-Cheek , Alvaro Morata , Sergio Rico , Maxime Le Marchand , Denis Odoi , Cyrus Christie , Alfie Mawson , Calum Chambers , Jean Michael Seri , Stefan Johansen , Tom Cairney , Aleksandar Mitrovic , Ryan Sessegnon , Neeskens Kebano , Floyd Ayite , Aboubakar Kamara 
38441,Crystal Palace,Burnley,2,0,1, Wayne Hennessey , Aaron Wan-Bissaka , Patrick van Aanholt , James Tomkins , Mamadou Sakho , Max Meyer  , Cheikhou Kouyate , Luka Milivojevic , James McArthur , Andros Townsend , Wilfried Zaha , Jeffrey Schlupp , Jason Puncheon  , Alexander Sorloth , Joe Hart , Ben Mee , Charlie Taylor , Kevin Long , Matthew Lowton , Jack Cork , Johann Gudmundsson , Aaron Lennon , Steven Defour , Jeff Hendrick , Chris Wood , Robbie Brady , Sam Vokes , Ashley Barnes 
38442,Huddersfield Town,Brighton and Hove Albion,1,2,-1, Jonas Lossl , Zanka , Terence Kongolo , Christopher Schindler , Aaron Mooy , Jonathan Hogg , Florent Hadergjonaj , Erik Durm , Philip Billing , Steve Mounie , Alex Pritchard , Tommy Smith , Danny Williams , Laurent Depoitre , Mat Ryan , Bruno , Lewis Dunk , Bernardo , Shane Duffy , Pascal Gross , Davy Propper , Yves Bissouma  , Solly March , Florin Andone , Jose Izquierdo , Leon Balogun , Beram Kayal  , Glenn Murray 
38443,Leicester City,Watford,2,0,1, Kasper Schmeichel , Ben Chilwell , Wes Morgan , Jonny Evans , Ricardo Pereira , Wilfred Ndidi , Marc Albrighton , James Maddison , Demarai Gray , Nampalys Mendy , Jamie Vardy , Caglar Soyuncu , Vicente Iborra , Kelechi Iheanacho , Ben Foster , Adrian Mariappa , Craig Cathcart , Kiko Femenia , Jose Holebas , Etienne Capoue , Roberto Pereyra , Abdoulaye Doucoure , Will Hughes , Gerard Deulofeu , Isaac Success , Nathaniel Chalobah , Troy Deeney , Andre Gray 
38444,Liverpool,Everton,1,0,1, Alisson , Joseph Gomez , Trent Alexander-Arnold , Virgil van Dijk , Andrew Robertson , Roberto Firmino , Georginio Wijnaldum , Sadio Mane , Xherdan Shaqiri , Fabinho , Mohamed Salah , Naby Keita , Daniel Sturridge , Divock Origi , Jordan Pickford , Lucas Digne , Yerry Mina , Michael Keane , Seamus Coleman , Andre Gomes , Theo Walcott , Bernard , Idrissa Gueye , Gylfi Sigurdsson  , Richarlison , Kurt Zouma  , Dominic Calvert-Lewin , Ademola Lookman 
38445,Manchester City,AFC Bournemouth,3,1,1, Ederson , Nicolas Otamendi , Danilo , Oleksandr Zinchenko , Aymeric Laporte , Bernardo Silva , Fernandinho , Ilkay Gundogan , Leroy Sane , Raheem Sterling , Gabriel Jesus , Riyad Mahrez , Fabian Delph , David Silva , Asmir Begovic , Simon Francis , Charlie Daniels , Steve Cook , Nathan Ake , Tyrone Mings , Andrew Surman , Ryan Fraser , Joshua King , Lewis Cook , Callum Wilson , Junior Stanislas , David Brooks , Lys Mousset 
38446,Newcastle United,West Ham United,0,3,-1, Martin Dubravka , Fabian Schar , Federico Fernandez , DeAndre Yedlin , Javier Manquillo , Matt Ritchie , Mohamed Diame , Kenedy , Ki Sung-yueng , Ayoze Perez , Salomon Rondon , Jonjo Shelvey , Christian Atsu , Joselu , Lukasz Fabianski , Aaron Cresswell , Fabian Balbuena , Issa Diop , Pablo Zabaleta , Declan Rice , Mark Noble , Felipe Anderson , Robert Snodgrass , Chicharito , Marko Arnautovic , Arthur Masuaku , Pedro Obiang , Jack Wilshere 
38447,Southampton,Manchester United,2,2,0, Alex McCarthy , Maya Yoshida , Jack Stephens , Jannik Vestergaard , Mario Lemina  , Pierre-Emile Hojbjerg , Cedric Soares , Yan Valery , Stuart Armstrong , Nathan Redmond , Michael Obafemi , Steven Davis  , Manolo Gabbiadini ,, David de Gea , Luke Shaw , Phil Jones , Scott McTominay , Nemanja Matic , Ashley Young , Ander Herrera , Marouane Fellaini , Paul Pogba , Romelu Lukaku , Marcus Rashford , Diogo Dalot , Jesse Lingard , Anthony Martial 
38448,AFC Bournemouth,Huddersfield Town,2,1,1, Asmir Begovic , Nathan Ake , Steve Cook , Charlie Daniels , Simon Francis , Lewis Cook , David Brooks , Ryan Fraser , Jefferson Lerma , Callum Wilson , Joshua King  , Tyrone Mings  , Junior Stanislas , Lys Mousset , Jonas Lossl , Terence Kongolo , Florent Hadergjonaj , Christopher Schindler , Zanka , Aaron Mooy , Erik Durm , Jonathan Hogg , Alex Pritchard , Philip Billing , Laurent Depoitre , Isaac Mbenza , Abdelhamid Sabiri , Ramadan Sobhi 
38449,Brighton and Hove Albion,Crystal Palace,3,1,1, Mat Ryan , Martin Montoya , Lewis Dunk , Bernardo , Shane Duffy , Pascal Gross , Yves Bissouma , Davy Propper , Jose Izquierdo , Glenn Murray , Solly March , Leon Balogun , Anthony Knockaert , Florin Andone , Wayne Hennessey , Mamadou Sakho , Aaron Wan-Bissaka , Patrick van Aanholt , James Tomkins , Max Meyer , Luka Milivojevic , James McArthur , Cheikhou Kouyate , Andros Townsend , Wilfried Zaha , Jeffrey Schlupp , Alexander Sorloth ,
38450,Burnley,Liverpool,1,3,-1, Joe Hart , Ben Mee , Phil Bardsley , James Tarkowski , Charlie Taylor , Ashley Westwood , Robbie Brady , Jack Cork , Johann Gudmundsson , Chris Wood , Ashley Barnes , Aaron Lennon , Matej Vydra , Sam Vokes , Alisson , Virgil van Dijk , Joel Matip , Alberto Moreno , Joseph Gomez , James Milner , Xherdan Shaqiri , Jordan Henderson , Naby Keita , Daniel Sturridge , Divock Origi , Trent Alexander-Arnold , Roberto Firmino , Mohamed Salah 
38451,FulhamFUL,Leicester City,1,1,0, Sergio Rico , Maxime Le Marchand , Denis Odoi , Cyrus Christie , Alfie Mawson , Jean Michael Seri , Aboubakar Kamara , Luciano Vietto , Ryan Sessegnon , Calum Chambers , Aleksandar Mitrovic , Tim Ream , Joe Bryan , Tom Cairney , Kasper Schmeichel , Ben Chilwell , Caglar Soyuncu , Danny Simpson , Wes Morgan , Nampalys Mendy , Wilfred Ndidi , Fousseni Diabate , Marc Albrighton , James Maddison , Kelechi Iheanacho , Vicente Iborra , Demarai Gray , Shinji Okazaki 
38452,Manchester United,Arsenal,2,2,0, David de Gea , Eric Bailly , Chris Smalling , Marcos Rojo , Ander Herrera , Matteo Darmian , Nemanja Matic , Diogo Dalot , Marcus Rashford , Jesse Lingard , Anthony Martial , Marouane Fellaini , Paul Pogba , Romelu Lukaku , Bernd Leno , Rob Holding , Sokratis , Shkodran Mustafi , Sead Kolasinac , Matteo Guendouzi , Lucas Torreira , Hector Bellerin , Alex Iwobi , Pierre-Emerick Aubameyang , Aaron Ramsey , Stephan Lichtsteiner , Henrikh Mkhitaryan , Alexandre Lacazette 
38453,Watford,Manchester City,1,2,-1, Ben Foster , Craig Cathcart , Jose Holebas , Christian Kabasele , Kiko Femenia , Abdoulaye Doucoure , Roberto Pereyra , Nathaniel Chalobah , Will Hughes , Isaac Success , Troy Deeney , Domingos Quina , Andre Gray , Gerard Deulofeu , Ederson , Vincent Kompany , John Stones , Kyle Walker , Fabian Delph , Fernandinho , Bernardo Silva , David Silva , Riyad Mahrez , Gabriel Jesus , Leroy Sane , Nicolas Otamendi , Aymeric Laporte , Ilkay Gundogan 
38454,West Ham United,Cardiff CityCAR,3,1,1, Lukasz Fabianski , Michail Antonio , Issa Diop , Angelo Ogbonna , Arthur Masuaku , Mark Noble , Robert Snodgrass , Declan Rice , Felipe Anderson , Chicharito , Marko Arnautovic , Grady Diangana , Andy Carroll , Lucas Perez , Neil Etheridge , Sol Bamba , Sean Morrison , Joe Bennett , Bruno Ecuele Manga , Harry Arter , Aron Gunnarsson , Victor Camarasa , David Junior Hoilett , Joe Ralls , Callum Paterson , Kadeem Harris , Josh Murphy , Nathaniel Mendez-Laing 
38455,Wolverhampton WanderersWOL,Chelsea,2,1,1, Rui Patricio , Willy Boly , Ryan Bennett , Conor Coady , Ruben Vinagre , Romain Saiss , Matt Doherty , Joao Moutinho , Raul Jimenez , Morgan Gibbs-White , Diogo Jota , Leander Dendoncker , Helder Costa , Ivan Cavaleiro , Kepa Arrizabalaga , Antonio Rudiger , Andreas Christensen , Cesar Azpilicueta , Marcos Alonso , NGolo Kante , Cesc Fabregas , Ruben Loftus-Cheek , Alvaro Morata , Eden Hazard , Willian , Mateo Kovacic , Olivier Giroud , Pedro 
38456,Everton,Newcastle United,1,1,0, Jordan Pickford , Seamus Coleman , Yerry Mina , Kurt Zouma , Lucas Digne , Gylfi Sigurdsson , Andre Gomes , Richarlison , Ademola Lookman , Idrissa Gueye , Cenk Tosun , Bernard , Dominic Calvert-Lewin , Theo Walcott , Martin Dubravka , DeAndre Yedlin , Fabian Schar , Jamaal Lascelles , Federico Fernandez , Javier Manquillo , Christian Atsu , Mohamed Diame , Jacob Murphy , Ki Sung-yueng , Salomon Rondon , Joselu , Ayoze Perez ,
38457,Tottenham Hotspur,Southampton,3,1,1, Hugo Lloris , Toby Alderweireld , Kieran Trippier , Danny Rose , Juan Foyth , Eric Dier , Christian Eriksen , Son Heung-Min , Harry Winks , Lucas Moura , Harry Kane , Dele Alli , Moussa Sissoko , Oliver Skipp , Alex McCarthy , Maya Yoshida , Matt Targett , Cedric Soares , Jack Stephens , James Ward-Prowse , Nathan Redmond , Steven Davis , Pierre-Emile Hojbjerg , Stuart Armstrong , Manolo Gabbiadini , Oriol Romeu , Mohamed Elyounoussi , Charlie Austin 
38458,Arsenal,Huddersfield Town,1,0,1, Bernd Leno , Sokratis , Shkodran Mustafi , Stephan Lichtsteiner , Hector Bellerin , Sead Kolasinac , Lucas Torreira , Matteo Guendouzi , Granit Xhaka , Pierre-Emerick Aubameyang , Alexandre Lacazette , Nacho Monreal , Henrikh Mkhitaryan , Alex Iwobi , Jonas Lossl , Terence Kongolo , Christopher Schindler , Tommy Smith , Zanka , Danny Williams , Chris Lowe , Jonathan Hogg , Alex Pritchard , Aaron Mooy , Laurent Depoitre , Florent Hadergjonaj , Erik Durm , Juninho Bacuna 
38459,AFC Bournemouth,Liverpool,0,4,-1, Asmir Begovic , Simon Francis , Charlie Daniels , Steve Cook , Nathan Ake , Andrew Surman , Junior Stanislas , David Brooks , Jefferson Lerma , Joshua King , Ryan Fraser , Tyrone Mings , Diego Rico , Lys Mousset , Alisson , James Milner , Joel Matip , Virgil van Dijk , Andrew Robertson , Fabinho , Xherdan Shaqiri , Naby Keita , Georginio Wijnaldum , Mohamed Salah , Roberto Firmino , Adam Lallana , Jordan Henderson , Sadio Mane 
38460,Burnley,Brighton and Hove Albion,1,0,1, Joe Hart , Charlie Taylor , Ben Mee , James Tarkowski , Phil Bardsley , Robbie Brady , Jack Cork , Ashley Westwood , Johann Gudmundsson , Ashley Barnes , Chris Wood , Jeff Hendrick , Aaron Lennon ,, Mat Ryan , Leon Balogun , Bruno , Lewis Dunk , Bernardo , Yves Bissouma , Davy Propper , Pascal Gross , Solly March , Florin Andone , Anthony Knockaert , Dale Stephens , Glenn Murray , Jurgen Locadia 
38461,Cardiff CityCAR,Southampton,1,0,1, Neil Etheridge , Sean Morrison , Joe Bennett , Sol Bamba , Bruno Ecuele Manga , Nathaniel Mendez-Laing , Victor Camarasa , Harry Arter  , Aron Gunnarsson , Josh Murphy , Callum Paterson , Kadeem Harris , Joe Ralls  , David Junior Hoilett , Alex McCarthy , Jannik Vestergaard , Jan Bednarek , Yan Valery , Matt Targett , Stuart Armstrong , Mario Lemina , Pierre-Emile Hojbjerg , Oriol Romeu , Nathan Redmond , Charlie Austin , Jack Stephens , James Ward-Prowse , Manolo Gabbiadini 
38462,Chelsea,Manchester City,2,0,1, Kepa Arrizabalaga , David Luiz , Marcos Alonso , Cesar Azpilicueta , Antonio Rudiger , Jorginho , Mateo Kovacic , NGolo Kante , Willian , Pedro , Eden Hazard , Ross Barkley , Ruben Loftus-Cheek , Olivier Giroud , Ederson , Aymeric Laporte , Fabian Delph , Kyle Walker , John Stones , Fernandinho , Bernardo Silva , David Silva , Raheem Sterling , Leroy Sane , Riyad Mahrez , Ilkay Gundogan , Phil Foden , Gabriel Jesus 
38463,Everton,Watford,2,2,0, Jordan Pickford , Michael Keane , Yerry Mina , Lucas Digne , Seamus Coleman , Bernard , Theo Walcott , Idrissa Gueye , Andre Gomes , Gylfi Sigurdsson , Richarlison , Ademola Lookman , Cenk Tosun , Dominic Calvert-Lewin , Ben Foster , Christian Kabasele , Kiko Femenia , Craig Cathcart , Jose Holebas , Domingos Quina  , Ken Sema , Abdoulaye Doucoure , Roberto Pereyra , Isaac Success , Troy Deeney , Adrian Mariappa  , Nathaniel Chalobah , Gerard Deulofeu 
38464,Leicester City,Tottenham Hotspur,0,2,-1, Kasper Schmeichel , Ricardo Pereira , Ben Chilwell , Jonny Evans , Wes Morgan , Vicente Iborra , Nampalys Mendy , Wilfred Ndidi , Kelechi Iheanacho , James Maddison , Demarai Gray , Marc Albrighton , Rachid Ghezzal , Shinji Okazaki , Hugo Lloris , Ben Davies , Toby Alderweireld , Serge Aurier , Jan Vertonghen , Moussa Sissoko , Son Heung-Min , Dele Alli , Eric Dier , Harry Winks , Lucas Moura , Kyle Walker-Peters , Christian Eriksen , Harry Kane 
38465,Manchester United,FulhamFUL,4,1,1, David de Gea , Chris Smalling , Phil Jones , Diogo Dalot , Ashley Young , Nemanja Matic , Ander Herrera , Jesse Lingard , Juan Mata , Marcus Rashford , Romelu Lukaku , Marcos Rojo , Fred , Scott McTominay , Sergio Rico , Joe Bryan , Denis Odoi , Tim Ream , Alfie Mawson , Tom Cairney , Andre-Frank Zambo Anguissa , Ryan Sessegnon , Jean Michael Seri , Andre Schurrle , Aleksandar Mitrovic , Ibrahima Cisse , Aboubakar Kamara , Luciano Vietto 
38466,Newcastle United,Wolverhampton WanderersWOL,1,2,-1, Martin Dubravka , Ciaran Clark , Federico Fernandez , Jamaal Lascelles , Christian Atsu , Matt Ritchie , Ki Sung-yueng , Mohamed Diame , DeAndre Yedlin , Salomon Rondon , Ayoze Perez , Javier Manquillo , Kenedy , Joselu , Rui Patricio , Ryan Bennett , Willy Boly , Conor Coady , Matt Doherty , Romain Saiss , Ruben Vinagre , Ruben Neves , Helder Costa , Adama Traore , Diogo Jota , Joao Moutinho , Morgan Gibbs-White , Raul Jimenez 
38467,West Ham United,Crystal Palace,3,2,1, Lukasz Fabianski , Pablo Zabaleta , Fabian Balbuena , Arthur Masuaku , Issa Diop , Felipe Anderson , Robert Snodgrass , Declan Rice , Mark Noble , Chicharito , Lucas Perez , Pedro Obiang , Grady Diangana , Andy Carroll , Wayne Hennessey , Aaron Wan-Bissaka , Mamadou Sakho , Patrick van Aanholt , James Tomkins , Luka Milivojevic , James McArthur , Max Meyer , Cheikhou Kouyate , Andros Townsend , Wilfried Zaha , Jeffrey Schlupp , Jason Puncheon , Jordan Ayew 
38468,Brighton and Hove Albion,Chelsea,1,2,-1, Mat Ryan , Lewis Dunk , Bernardo , Leon Balogun , Martin Montoya , Anthony Knockaert , Solly March , Davy Propper , Dale Stephens , Pascal Gross , Glenn Murray , Yves Bissouma , Florin Andone , Jurgen Locadia , Kepa Arrizabalaga , Antonio Rudiger , David Luiz , Marcos Alonso , Cesar Azpilicueta , Mateo Kovacic , Jorginho , NGolo Kante , Pedro , Eden Hazard , Willian , Ruben Loftus-Cheek , Ross Barkley , Olivier Giroud 
38469,Crystal Palace,Leicester City,1,0,1, Vicente Guaita , Aaron Wan-Bissaka , Martin Kelly , Mamadou Sakho , Patrick van Aanholt , James McArthur , Max Meyer  , Luka Milivojevic , Cheikhou Kouyate , Jordan Ayew , Andros Townsend , Jeffrey Schlupp , Jason Puncheon  , Alexander Sorloth , Kasper Schmeichel , Ricardo Pereira , Harry Maguire , Wes Morgan , Christian Fuchs , Nampalys Mendy , Demarai Gray , Wilfred Ndidi , Marc Albrighton , James Maddison , Jamie Vardy , Rachid Ghezzal , Shinji Okazaki , Kelechi Iheanacho 
38470,FulhamFUL,West Ham United,0,2,-1, Sergio Rico , Joe Bryan , Denis Odoi , Tim Ream , Alfie Mawson , Tom Cairney , Calum Chambers , Andre Schurrle , Jean Michael Seri , Aleksandar Mitrovic , Aboubakar Kamara , Cyrus Christie , Stefan Johansen , Neeskens Kebano , Lukasz Fabianski , Fabian Balbuena , Issa Diop , Arthur Masuaku , Pablo Zabaleta , Declan Rice , Robert Snodgrass , Mark Noble , Felipe Anderson , Chicharito , Michail Antonio , Pedro Obiang , Grady Diangana , Andy Carroll 
38471,Huddersfield Town,Newcastle United,0,1,-1, Jonas Lossl , Terence Kongolo , Christopher Schindler , Zanka , Chris Lowe , Jonathan Hogg , Juninho Bacuna , Florent Hadergjonaj , Philip Billing , Laurent Depoitre , Alex Pritchard , Erik Durm , Ramadan Sobhi , Isaac Mbenza , Martin Dubravka , Fabian Schar , Ciaran Clark , Jamaal Lascelles , Mohamed Diame , Kenedy , Ki Sung-yueng , Javier Manquillo , Christian Atsu , Salomon Rondon , Ayoze Perez , Paul Dummett , Matt Ritchie , Isaac Hayden 
38472,Liverpool,Manchester United,3,1,1, Alisson , Nathaniel Clyne , Andrew Robertson , Dejan Lovren , Virgil van Dijk , Sadio Mane , Fabinho , Naby Keita , Georginio Wijnaldum , Roberto Firmino , Mohamed Salah , Jordan Henderson , Xherdan Shaqiri ,, David de Gea , Eric Bailly , Ashley Young , Matteo Darmian , Victor Lindelof , Ander Herrera , Nemanja Matic , Marcus Rashford , Diogo Dalot , Jesse Lingard , Romelu Lukaku , Juan Mata , Marouane Fellaini , Anthony Martial 
38473,Manchester City,Everton,3,1,1, Ederson , Nicolas Otamendi , Fabian Delph , Aymeric Laporte , Kyle Walker , Fernandinho , Ilkay Gundogan , Bernardo Silva , Gabriel Jesus , Riyad Mahrez , Leroy Sane , Kevin De Bruyne , Raheem Sterling ,, Jordan Pickford , Michael Keane , Kurt Zouma , Lucas Digne , Seamus Coleman , Yerry Mina , Gylfi Sigurdsson , Bernard , Andre Gomes , Richarlison , Dominic Calvert-Lewin , Tom Davies , Ademola Lookman , Theo Walcott 
38474,Southampton,Arsenal,3,2,1, Alex McCarthy , Jan Bednarek , Maya Yoshida , Jannik Vestergaard , Matt Targett , Yan Valery , Oriol Romeu , Pierre-Emile Hojbjerg , Danny Ings , Nathan Redmond , Stuart Armstrong  , Tyreke Johnson  , Charlie Austin , Shane Long , Bernd Leno , Stephan Lichtsteiner , Granit Xhaka , Laurent Koscielny , Lucas Torreira , Hector Bellerin , Nacho Monreal , Matteo Guendouzi , Henrikh Mkhitaryan , Alex Iwobi , Pierre-Emerick Aubameyang , Mesut Ozil , Ainsley Maitland-Niles , Alexandre Lacazette 
38475,Tottenham Hotspur,Burnley,1,0,1, Hugo Lloris , Kieran Trippier , Ben Davies , Danny Rose , Toby Alderweireld , Dele Alli , Moussa Sissoko , Lucas Moura , Erik Lamela , Oliver Skipp , Harry Kane , Christian Eriksen , Son Heung-Min , Fernando Llorente , Joe Hart , Ben Mee , Charlie Taylor , James Tarkowski , Kevin Long , Phil Bardsley , Robbie Brady  , Jack Cork , Aaron Lennon  , Ashley Westwood , Ashley Barnes , Jeff Hendrick  , Chris Wood , Sam Vokes  
38476,Watford,Cardiff CityCAR,3,2,1, Ben Foster , Kiko Femenia , Christian Kabasele , Craig Cathcart , Jose Holebas , Ken Sema , Roberto Pereyra , Domingos Quina , Abdoulaye Doucoure , Troy Deeney , Gerard Deulofeu , Tom Cleverley , Stefano Okaka , Isaac Success , Neil Etheridge , Joe Bennett , Sol Bamba , Sean Morrison , Bruno Ecuele Manga , Victor Camarasa , Aron Gunnarsson , Josh Murphy , Harry Arter , David Junior Hoilett , Callum Paterson , Lee Peltier , Bobby De Cordova-Reid , Nathaniel Mendez-Laing 
38477,Wolverhampton WanderersWOL,AFC Bournemouth,2,0,1, Rui Patricio , Ryan Bennett , Conor Coady , Willy Boly , Joao Moutinho , Ruben Neves , Matt Doherty , Jonny , Raul Jimenez , Diogo Jota , Morgan Gibbs-White , Romain Saiss , Helder Costa , Ivan Cavaleiro , Asmir Begovic , Tyrone Mings , Steve Cook , Nathan Ake , Jordon Ibe , Charlie Daniels , Jefferson Lerma , Andrew Surman , Ryan Fraser , Junior Stanislas , Joshua King , Diego Rico , Callum Wilson , Lys Mousset 
38478,Arsenal,Burnley,3,1,1, Bernd Leno , Nacho Monreal , Ainsley Maitland-Niles , Sokratis , Sead Kolasinac , Mesut Ozil , Matteo Guendouzi , Granit Xhaka , Mohamed Elneny , Alexandre Lacazette , Pierre-Emerick Aubameyang , Stephan Lichtsteiner , Alex Iwobi , Lucas Torreira , Joe Hart , Ben Mee , Charlie Taylor , Phil Bardsley , James Tarkowski , Kevin Long , Ashley Westwood , Jeff Hendrick , Jack Cork , Chris Wood , Ashley Barnes , Matthew Lowton , Matej Vydra , Sam Vokes 
38479,AFC Bournemouth,Brighton and Hove Albion,2,0,1, Asmir Begovic , Steve Cook , Nathan Ake , Simon Francis , Charlie Daniels , Jefferson Lerma , Junior Stanislas , Andrew Surman , David Brooks  , Joshua King , Callum Wilson , Jordon Ibe  , Ryan Fraser , Lys Mousset , Mat Ryan , Martin Montoya , Lewis Dunk , Leon Balogun , Bernardo , Davy Propper , Solly March , Pascal Gross , Jurgen Locadia , Yves Bissouma , Florin Andone , Gaetan Bong , Anthony Knockaert , Glenn Murray 
38480,Cardiff CityCAR,Manchester United,1,5,-1, Neil Etheridge , Bruno Ecuele Manga , Sean Morrison , Greg Cunningham , Sol Bamba , Aron Gunnarsson , Victor Camarasa , Harry Arter , Josh Murphy , David Junior Hoilett , Callum Paterson , Kadeem Harris , Joe Ralls , Kenneth Zohore , David de Gea , Phil Jones , Luke Shaw , Ashley Young , Victor Lindelof , Paul Pogba , Ander Herrera , Nemanja Matic , Anthony Martial , Marcus Rashford , Jesse Lingard , Marouane Fellaini , Fred , Andreas Pereira 
38481,Chelsea,Leicester City,0,1,-1, Kepa Arrizabalaga , Cesar Azpilicueta , Marcos Alonso , David Luiz , Antonio Rudiger , NGolo Kante , Mateo Kovacic , Jorginho , Pedro , Eden Hazard , Willian , Ruben Loftus-Cheek , Cesc Fabregas , Olivier Giroud , Kasper Schmeichel , Ben Chilwell , Ricardo Pereira , Harry Maguire , Wes Morgan , Wilfred Ndidi , Nampalys Mendy , Hamza Choudhury , Marc Albrighton , Jamie Vardy , James Maddison , Demarai Gray , Kelechi Iheanacho ,
38482,Everton,Tottenham Hotspur,2,6,-1, Jordan Pickford , Lucas Digne , Seamus Coleman , Michael Keane , Kurt Zouma , Andre Gomes , Gylfi Sigurdsson , Theo Walcott , Richarlison , Tom Davies , Dominic Calvert-Lewin , Morgan Schneiderlin , Bernard , Cenk Tosun , Hugo Lloris , Kieran Trippier , Toby Alderweireld , Davinson Sanchez , Ben Davies , Dele Alli , Moussa Sissoko , Christian Eriksen , Harry Winks , Son Heung-Min , Harry Kane , Lucas Moura , Erik Lamela , Oliver Skipp 
38483,Huddersfield Town,Southampton,1,3,-1, Jonas Lossl , Terence Kongolo , Zanka , Christopher Schindler , Juninho Bacuna , Florent Hadergjonaj , Chris Lowe , Philip Billing , Alex Pritchard , Isaac Mbenza , Steve Mounie , Erik Durm , Elias Kachunga , Collin Quaner , Alex McCarthy , Jannik Vestergaard , Jan Bednarek , Maya Yoshida , Pierre-Emile Hojbjerg , Yan Valery , Matt Targett , Oriol Romeu , Stuart Armstrong , Nathan Redmond , Danny Ings , Jack Stephens , Mario Lemina , Michael Obafemi 
38484,Manchester City,Crystal Palace,2,3,-1, Ederson , Kyle Walker , Nicolas Otamendi , Aymeric Laporte , Fabian Delph , Bernardo Silva , John Stones , Ilkay Gundogan , Gabriel Jesus , Raheem Sterling , Leroy Sane , Riyad Mahrez , Kevin De Bruyne , Sergio Aguero , Vicente Guaita , Aaron Wan-Bissaka , Mamadou Sakho , Patrick van Aanholt , James Tomkins , James McArthur , Andros Townsend , Luka Milivojevic , Jeffrey Schlupp , Max Meyer  , Wilfried Zaha , Jason Puncheon  , Jordan Ayew ,
38485,Newcastle United,FulhamFUL,0,0,0, Martin Dubravka , Jamaal Lascelles , Paul Dummett , Fabian Schar , Matt Ritchie , Javier Manquillo , Christian Atsu , Ayoze Perez , Ki Sung-yueng , Mohamed Diame , Salomon Rondon , DeAndre Yedlin , Kenedy ,, Sergio Rico , Tim Ream , Denis Odoi , Alfie Mawson , Joe Bryan , Cyrus Christie , Jean Michael Seri , Calum Chambers , Andre Schurrle , Tom Cairney , Aleksandar Mitrovic , Floyd Ayite , Aboubakar Kamara ,
38486,West Ham United,Watford,0,2,-1, Lukasz Fabianski , Fabian Balbuena , Pablo Zabaleta , Issa Diop , Arthur Masuaku , Declan Rice , Mark Noble , Robert Snodgrass , Felipe Anderson , Chicharito , Michail Antonio , Angelo Ogbonna , Grady Diangana , Andy Carroll , Ben Foster , Christian Kabasele , Kiko Femenia , Craig Cathcart , Jose Holebas , Etienne Capoue , Ken Sema , Roberto Pereyra , Abdoulaye Doucoure , Gerard Deulofeu  , Troy Deeney , Adrian Mariappa  , Tom Cleverley , Isaac Success 
38487,Wolverhampton WanderersWOL,Liverpool,0,2,-1, Rui Patricio , Conor Coady , Ryan Bennett , Willy Boly , Romain Saiss , Matt Doherty , Ruben Neves , Jonny , Raul Jimenez , Joao Moutinho , Adama Traore , Ruben Vinagre , Morgan Gibbs-White , Ivan Cavaleiro , Alisson , Dejan Lovren , James Milner , Andrew Robertson , Virgil van Dijk , Sadio Mane , Jordan Henderson , Roberto Firmino , Naby Keita , Fabinho , Mohamed Salah , Nathaniel Clyne , Adam Lallana , Georginio Wijnaldum 
38488,Brighton and Hove Albion,Arsenal,1,1,0, Mat Ryan , Martin Montoya , Bernardo , Leon Balogun , Shane Duffy , Dale Stephens , Jurgen Locadia , Pascal Gross , Solly March , Davy Propper , Glenn Murray , Anthony Knockaert , Florin Andone ,, Bernd Leno , Stephan Lichtsteiner , Sead Kolasinac , Laurent Koscielny , Sokratis , Lucas Torreira , Granit Xhaka , Mesut Ozil , Matteo Guendouzi , Pierre-Emerick Aubameyang , Alexandre Lacazette , Aaron Ramsey , Ainsley Maitland-Niles , Alex Iwobi 
38489,Burnley,Everton,1,5,-1, Joe Hart , Ben Mee , Charlie Taylor , James Tarkowski , Matthew Lowton , Ben Gibson , Jeff Hendrick , Ashley Westwood , Jack Cork , Ashley Barnes , Sam Vokes , Johann Gudmundsson , Chris Wood , Dwight McNeil , Jordan Pickford , Kurt Zouma , Michael Keane , Yerry Mina , Andre Gomes , Gylfi Sigurdsson , Lucas Digne , Seamus Coleman , Bernard , Dominic Calvert-Lewin , Theo Walcott , Tom Davies , Idrissa Gueye , Richarlison 
38490,Crystal Palace,Cardiff CityCAR,0,0,0, Vicente Guaita , Patrick van Aanholt , Mamadou Sakho , James Tomkins , Aaron Wan-Bissaka , Cheikhou Kouyate , Luka Milivojevic , James McArthur , Max Meyer , Andros Townsend , Wilfried Zaha , Connor Wickham ,,, Neil Etheridge , Lee Peltier , Sol Bamba , Joe Bennett , Bruno Ecuele Manga , Sean Morrison , David Junior Hoilett  , Victor Camarasa  , Joe Ralls , Kadeem Harris , Bobby De Cordova-Reid , Harry Arter  , Aron Gunnarsson  ,
38491,FulhamFUL,Wolverhampton WanderersWOL,1,1,0, Sergio Rico , Alfie Mawson , Denis Odoi , Tim Ream , Jean Michael Seri , Calum Chambers , Cyrus Christie , Joe Bryan , Aleksandar Mitrovic , Aboubakar Kamara , Andre Schurrle , Ryan Sessegnon , Kevin McDonald , Tom Cairney , Rui Patricio , Willy Boly , Conor Coady , Ryan Bennett , Matt Doherty , Joao Moutinho , Romain Saiss , Jonny , Morgan Gibbs-White , Adama Traore , Raul Jimenez , Ruben Vinagre , Ivan Cavaleiro , Helder Costa 
38492,Leicester City,Manchester City,2,1,1, Kasper Schmeichel , Ben Chilwell , Ricardo Pereira , Harry Maguire , Wes Morgan , Nampalys Mendy , Hamza Choudhury , Wilfred Ndidi , Marc Albrighton , Jamie Vardy , James Maddison , Danny Simpson , Demarai Gray , Shinji Okazaki , Ederson , Danilo , Aymeric Laporte , Fabian Delph , John Stones , Kevin De Bruyne , Ilkay Gundogan , Bernardo Silva , Sergio Aguero , Leroy Sane , Raheem Sterling , Riyad Mahrez , David Silva ,
38493,Liverpool,Newcastle United,4,0,1, Alisson , Dejan Lovren , Virgil van Dijk , Andrew Robertson , Trent Alexander-Arnold , Roberto Firmino , Sadio Mane , Xherdan Shaqiri , Georginio Wijnaldum , Jordan Henderson , Mohamed Salah , Nathaniel Clyne , Fabinho , Daniel Sturridge , Martin Dubravka , DeAndre Yedlin , Matt Ritchie , Federico Fernandez , Paul Dummett , Jamaal Lascelles , Mohamed Diame , Kenedy , Isaac Hayden , Joselu , Yoshinori Muto , Sean Longstaff , Jacob Murphy ,
38494,Manchester United,Huddersfield Town,3,1,1, David de Gea , Luke Shaw , Phil Jones , Victor Lindelof , Diogo Dalot , Juan Mata , Nemanja Matic , Paul Pogba , Jesse Lingard , Fred , Marcus Rashford , Ashley Young , Angel Gomes , Ander Herrera , Jonas Lossl , Erik Durm , Christopher Schindler , Terence Kongolo , Zanka , Alex Pritchard , Elias Kachunga , Florent Hadergjonaj , Isaac Mbenza , Philip Billing , Laurent Depoitre , Chris Lowe , Steve Mounie , Collin Quaner 
38495,Southampton,West Ham United,1,2,-1, Alex McCarthy , Jan Bednarek , Jannik Vestergaard , Maya Yoshida , Yan Valery , Oriol Romeu , Matt Targett , Mario Lemina , Danny Ings , Stuart Armstrong , Nathan Redmond , Mohamed Elyounoussi , Charlie Austin , Shane Long , Lukasz Fabianski , Aaron Cresswell , Angelo Ogbonna , Michail Antonio , Issa Diop , Declan Rice , Pedro Obiang , Robert Snodgrass  , Felipe Anderson , Grady Diangana , Lucas Perez , Arthur Masuaku  , Mark Noble , Andy Carroll 
38496,Tottenham Hotspur,AFC Bournemouth,5,0,1, Hugo Lloris , Juan Foyth , Danny Rose , Toby Alderweireld , Kyle Walker-Peters , Lucas Moura , Moussa Sissoko , Christian Eriksen , Son Heung-Min , Harry Winks , Harry Kane , Ben Davies , Oliver Skipp , Fernando Llorente , Asmir Begovic , Charlie Daniels , Nathan Ake , Simon Francis  , Steve Cook , Jefferson Lerma , Junior Stanislas , Ryan Fraser , David Brooks , Andrew Surman , Callum Wilson , Diego Rico  , Lys Mousset , Joshua King 
38497,Watford,Chelsea,1,2,-1, Ben Foster , Christian Kabasele , Kiko Femenia , Jose Holebas , Craig Cathcart , Etienne Capoue , Ken Sema , Roberto Pereyra , Abdoulaye Doucoure , Troy Deeney , Gerard Deulofeu , Adrian Mariappa , Domingos Quina , Isaac Success , Kepa Arrizabalaga , Cesar Azpilicueta , David Luiz , Antonio Rudiger , Marcos Alonso , Mateo Kovacic , Jorginho , NGolo Kante , Eden Hazard , Pedro , Willian , Emerson , Ross Barkley , Callum Hudson-Odoi 
38498,Brighton and Hove Albion,Everton,1,0,1, David Button , Lewis Dunk , Shane Duffy , Martin Montoya , Bernardo , Pascal Gross , Jurgen Locadia , Davy Propper , Solly March , Dale Stephens , Florin Andone , Glenn Murray ,,, Jordan Pickford , Yerry Mina , Michael Keane , Kurt Zouma , Lucas Digne , Andre Gomes , Seamus Coleman , Idrissa Gueye , Theo Walcott , Bernard , Richarlison , Gylfi Sigurdsson , Dominic Calvert-Lewin , Oumar Niasse 
38499,Burnley,West Ham United,2,0,1, Tom Heaton , Phil Bardsley , Ben Mee , James Tarkowski , Charlie Taylor , Jack Cork , Ashley Westwood , Johann Gudmundsson , Dwight McNeil , Chris Wood  , Ashley Barnes , Sam Vokes  ,,, Lukasz Fabianski , Michail Antonio , Angelo Ogbonna , Issa Diop , Aaron Cresswell , Robert Snodgrass , Declan Rice , Felipe Anderson , Mark Noble , Marko Arnautovic , Lucas Perez , Grady Diangana , Xande Silva , Andy Carroll 
38500,Crystal Palace,Chelsea,0,1,-1, Vicente Guaita , Aaron Wan-Bissaka , Patrick van Aanholt , James Tomkins , Mamadou Sakho , James McArthur , Luka Milivojevic , Andros Townsend , Jeffrey Schlupp , Cheikhou Kouyate , Wilfried Zaha , Max Meyer , Connor Wickham ,, Kepa Arrizabalaga , David Luiz , Cesar Azpilicueta , Marcos Alonso , Antonio Rudiger , Ross Barkley , Jorginho , NGolo Kante , Willian , Olivier Giroud , Eden Hazard , Emerson , Mateo Kovacic , Alvaro Morata 
38501,FulhamFUL,Huddersfield Town,1,0,1, Sergio Rico , Alfie Mawson , Tim Ream , Denis Odoi , Joe Bryan , Cyrus Christie , Jean Michael Seri , Calum Chambers , Luciano Vietto , Tom Cairney , Aleksandar Mitrovic , Maxime Le Marchand , Ryan Sessegnon , Aboubakar Kamara , Jonas Lossl , Christopher Schindler , Terence Kongolo , Zanka , Chris Lowe , Jonathan Hogg , Florent Hadergjonaj , Erik Durm , Philip Billing , Alex Pritchard , Steve Mounie , Elias Kachunga , Laurent Depoitre ,
38502,Leicester City,Cardiff CityCAR,0,1,-1, Kasper Schmeichel , Harry Maguire , Ben Chilwell , Ricardo Pereira , Caglar Soyuncu , Marc Albrighton , James Maddison , Demarai Gray , Wilfred Ndidi , Nampalys Mendy , Jamie Vardy , Rachid Ghezzal , Shinji Okazaki , Kelechi Iheanacho , Neil Etheridge , Sol Bamba , Greg Cunningham , Bruno Ecuele Manga , Sean Morrison , Harry Arter  , Victor Camarasa , Aron Gunnarsson , David Junior Hoilett , Josh Murphy , Callum Paterson , Lee Peltier  , Kadeem Harris , Bobby De Cordova-Reid 
